Custom,AKILES PRODUCTS INC
Custom,SOUTHWEST PLASTIC BINDING
Custom,Spiral Binding Co
Custom,TAMERICA PRODUCTS INC.
Custom,GENERAL BINDING CORP
Custom,ACCO USA
Custom,Synnex Corp / GBC
Custom,PERFORMANCE DESIGN INC.
Custom,LASSCO
Custom,FORMAX
Custom,STANDARD DUPLICATING MACHINES
Custom,The Staplex Company
Custom,MBM CORPORATION
Custom,MARTIN-YALE INDUSTRIES INC.
Custom,Widmer Time Co.
Custom,Klopp International
Custom,Semacon Business Machines
Custom,N F String & Son Inc
Custom,Magner
Custom,MMF Industries
Custom,Acroprint Time Recorder Co.
Custom,Ribao Technology USA Inc.
Custom,Cassida Corporation
Custom,Block & Co
Custom,DAHLE
Custom,FOSTER MANUFACTURING CO
Custom,CARL International
Custom,RB SUN ENTERPRISES
Custom,Karl Williams Inc.
Custom,HSM
Custom,Logan Graphic Products
Custom,Quality Commercial Machines
Custom,Tennsco
Custom,WILMER
Custom,Vestil Manufacturing Company
Custom,Sentry Safe (Master Lock)
Custom,Protex Safe Company
Custom,V-Line Industries
Custom,Granite Security Products
Custom,Clark Security (AMSEC)
Custom,Canyon State Oil Co Inc.
Custom,Intimus North America
Custom,TRACO MANUFACTURING INC.
Custom,Pro Pack Inc.
Custom,DYNAFOLD USA INC.
Custom,PVC SPIRAL SUPPLY
Custom,Pro-Bind
Custom,Coverbind
Custom,DataBind Corp
Custom,Carnation Inc.
Custom,Hollon Safe Company
Custom,Sealer Sales
Custom,Adlam Films
Custom,KAPCO GRAPHIC PRODUCTS CO

