e-cutt4020,Rotatrim M18 Professional Series 18 Trimmer,509.99
e-cutt4060,Rotatrim M42 Professional Series 42 Trimmer,256.99
19rs011,19 Ring Plastic Comb Binding - 1 - Black,9.02
19rs011,1'' Black 19 Ring Plastic Comb,9.02
19rs104,19 Ring Plastic Comb Binding - 3/8 - White,2.32
19rs104,3/8'' White 19 Ring Plastic Co,2.32
cove412,Linen Navy 8-3/4 X 11-1/4 Round Corners (100 Sets),21.15
cove412,Linen Navy 8-3/4'' X 11-1/4'',21.15
wirs3010,Spiral-O Wire (BOX) - 3/8 - Blue,17.01
wirs3015,Blue 7/16'' Spiral-O Wire (BOX,19.93
wirs3020,Spiral-O Wire (BOX) - 1/2 - Blue,20.68
wirs3045,Spiral-O Wire (BOX) - 1 - Blue,40.33
coil6000,4:1 12 Black 6mm Plastic Coil (BOX) - 6mm (1/8) - Navy,2.7
film960,38'' x 150' 2mil PSA Gloss Pol,118
FILM960,38'' x 150' 2mil PSA Gloss Pol,118
p-638900450,Main PCB 2064WF-1,0
coil2025,4:1 12'' White 11mm Plastic Co,5.73
coil2055,4:1 12'' White 18mm Plastic Co,10.62
coil3010,4:1 12'' Blue 8mm Plastic Coil,3
coil3020,4:1 12'' Blue 10mm Plastic Coi,3.8
e-safe3416,GunVault SpeedVault SV500 Pistol Safe,99.99
velo031,Velobind Blue 4 Pin 11'' X 2'',11.8
velo030,Velobind Black 4 Pin 11'' X 2',11.8
wirs1010,Black 3/8'' Spiral-O Wire (BOX,17.01
wirs1015,Black 7/16'' Spiral-O Wire (BO,29.31
wirs1020,Black 1/2'' Spiral-O Wire (BOX,20.68
wirs1025,Black 9/16'' Spiral-O Wire (BO,25.36
wirs1030,Black 5/8'' Spiral-O Wire (BOX,30.22
wirs1035,Black 3/4'' Spiral-O Wire (BOX,32.3
wirs1040,Black 7/8'' Spiral-O Wire (BOX,35.35
fill002,1.5 Mil 12'' X 500' X 1'' Core,8.68
cove413,"Linen Navy 8-3/4"" X 11-1/4"" Ro",20.94
cove413,"Linen Navy 8-3/4"" X 11-1/4"" Ro",19.94
cove700,Sand PolyCovers Clear (Matte),8.08
cove702,Sand PolyCovers Black 8-1/2'',8.08
pouc013,5 Mil Menu Pouches (11-1/4'' X,24.39
P-M-S042004,7000E Clamp wheel,20.63
e-lam8510,Akiles Pro-Lam PHOTO 6 Roller,379
e-safe5201,Mesa MUC2K Undercounter Depository Safe,67.43
cove017a,10 Mil Clear Covers 8-1/2'' X,12.35
19rs205,7/16'' Blue 19 Ring Plastic Co,2.99
19rs206,1/2'' Blue 19 Ring Plastic Com,3.18
19rs305,7/16'' Red 19 Ring Plastic Com,2.99
19rs307,9/16'' Red 19 Ring Plastic Com,3.95
19rs309,3/4'' Red 19 Ring Plastic Comb,5.92
A-CUTT6117,GBC/Swingline 9618CM 18 Replacement Cutting Mat (2 pk),13.19
P-7301013,GBC PB2600 Motor,179.48
