"145930",\N
"145931","Hollon Safe Company"
"145932","Inventory"
"145933","Logan Graphic Products"
"145934","Inventory"
"145935","MARTIN-YALE INDUSTRIES INC."
"145936","Inventory"
"145937","SOUTHWEST PLASTIC BINDING"
"145938","V-Line Industries"
"145939","Inventory"
"145940","Inventory"
"145941","MBM CORPORATION"
"145942","TAMERICA PRODUCTS INC."
"145943","MARTIN-YALE INDUSTRIES INC."
"145944","Inventory"
"145945","Spiral Binding Co"
"145946","Inventory"
"145947","Synnex Corp GBC"
"145948","Inventory"
"145949","Inventory"
"145950","Inventory"
"145951","Inventory"
"145952","Adlam Films"
"145953","N F String & Son Inc"
"145954","Inventory"
"145955","Stack-On"
"145956","Stack-On"
"145957","Stack-On"
"145958","Inventory"
"145959","Inventory"
"145960","Stack-On"
"145963","Inventory"
"145964","Inventory"
"145967","Inventory"
"145968","Inventory"
"145969","Inventory"
"145970","Inventory"
"145971","Inventory"
"145972","Inventory"
"145973","ACCO USA"
"145975","Stack-On"
"145977","Inventory"
"145979","Inventory"
"145980","Inventory"
"145981","Inventory"
"145982","Synnex Corp GBC"
"145983","Inventory"
"145984","Spiral Binding Co"
"145985","Inventory"
"145986","Inventory"
"145988","WILMER"
"145989","Inventory"
"145991","AKILES PRODUCTS INC"
"145992","PVC SPIRAL SUPPLY"
"145993","Spiral Binding Co"
"145994","ACCO USA"
"145995","Inventory"
"145996","Spiral Binding Co"
"145997","Protex Safe Company"
"145998","Synnex Corp GBC"
"145999","Inventory"
"146000","Tennsco"
"146001","Protex Safe Company"
"146002","Inventory"
"146003","Inventory"
"146004","ACCO USA"
"146005","Spiral Binding Co"
"146006","FOSTER MANUFACTURING CO"
"146007","Inventory"
"146008","STACK-ON"
"146009","CARL International"
"146010","STACK-ON"
"146011","Inventory"
"146012","Inventory"
"146013","Inventory"
"146014","SOUTHWEST PLASTIC BINDING"
"146015","Inventory"
"146016","Inventory"
"146017","Inventory"
"146018","Spiral Binding Co"
"146019","Inventory"
"146020","Inventory"
"146021","The Staplex Company"
"146023","Spiral Binding Co"
"146024","Spiral Binding Co"
"146025","Spiral Binding Co"
"146026","STACK-ON"
"146027","STACK-ON"
"146028","DYNAFOLD USA INC."
"146029","Inventory"
"146030","Inventory"
"146031","Inventory"
"146032","Inventory"
"146033","Carnation Inc."
"146034","Cassida Corporation"
"146035","Inventory"
"146037","Tennsco"
"146038","Inventory"
"146039","Inventory"
"146040","Carnation Inc."
"146041","Cassida Corporation"
"146042","Spiral Binding Co"
"146043","Inventory"
"146044","Spiral Binding Co"
"146045","Inventory"
"146047","DYNAFOLD USA INC."
"146050","HORIZ02"
"146051","Inventory"
"146052","Synnex"
"146053","Inventory"
"146054","Spiral Binding Co"
"146055","Inventory"
"146056","Inventory"
"146058","PVC SPIRAL SUPPLY"
"146059","Spiral Binding Co"
"146060","Semacon Business Machines"
"146061","Inventory"
"146062","Inventory"
"146063","DYNAFOLD USA INC."
"146064","Spiral Binding Co"
"146065","N F String & Son Inc"
"146066","Inventory"
"146067","SOUTHWEST PLASTIC BINDING"
"146068","Inventory"
"146069","Spiral Binding Co"
"146070","Inventory"
"146072","Inventory"
"146073","Spiral Binding Co"
"146074","Inventory"
"146075","ACCO USA"
"146076","The Staplex Company"
"146077","Inventory"
"146078","The Staplex Company"
"146079","MBM CORPORATION"
"146080","Inventory"
"146081","Inventory"
"146082","Inventory"
"146083","Spiral Binding Co"
"146086","Inventory"
"146087","AKILES PRODUCTS INC"
"146089","Inventory"
"146090","Inventory"
"146091","Inventory"
"146092","STACK-ON"
"146093","Tennsco"
"146094","AKILES PRODUCTS INC"
"146095","Spiral Binding Co"
"146096","Inventory"
"146097","Inventory"
"146098","Spiral Binding Co"
"146099","AKILES PRODUCTS INC"
"146100","Inventory"
"146101","CARL International"
"146102","Inventory"
"146103","Klopp International"
"146107","MBM CORPORATION"
"146108","DYNAFOLD USA INC."
"146109","Inventory"
"146110","DYNAFOLD USA INC."
"146113","Carnation Inc."
"146114","Cassida Corporation"
"146115","Inventory"
"146116","Inventory"
"146117","Synnex Corp GBC"
"146118","SOUTHWEST PLASTIC BINDING"
"146119","Protex Safe Company"
"146120","MBM CORPORATION"
"146121","Inventory"
"146122","Intimus North America"
"146123","Semacon Business Machines"
"146124","WILMER"
"146125","Inventory"
"146126","Inventory"
"146127","Inventory"
"146128","Spiral Binding Co"
"146130","Spiral Binding Co"
"146131","Inventory"
"146132","STACK-ON"
"146133","Inventory"
"146134","Inventory"
"146135","CARL International"
"146137","Inventory"
"146138","STACK-ON"
"146139","Tennsco"
"146140","Inventory"
"146141","Inventory"
"146142","Inventory"
"146144","Inventory"
"146145","MMF Industries"
"146146","Spiral Binding Co"
"146147","Spiral Binding Co"
"146148","Inventory"
"146149","Acroprint Time Recorder Co."
"146150","Inventory"
"146151","Karl Williams Inc."
"146152","Inventory"
"146153","Magner"
"146154","Adlam Films"
"146155","Inventory"
"146157","TRACO MANUFACTURING INC."
"146158","MARTIN-YALE INDUSTRIES INC."
"146159","Inventory"
"146160","Inventory"
"146161","Inventory"
"146162","Inventory"
"146163","Inventory"
"146164","Inventory"
"146165","Inventory"
"146167","Inventory"
"146168","Inventory"
"146169","The Staplex Company"
"146170","AKILES PRODUCTS INC"
"146171","Inventory"
"146172","Inventory"
"146173","Spiral Binding Co"
"146174","DAHLE"
"146175","Inventory"
"146180","Inventory"
"146181","Spiral Binding Co"
"146182","Semacon Business Machines"
"146183","Spiral Binding Co"
"146184","Inventory"
"146185","AKILES PRODUCTS INC"
"146186","SOUTHWEST PLASTIC BINDING"
"146188","Inventory"
"146189","Adlam Films"
"146190","DAHLE"
"146191","spiral binding co"
"146192","Inventory"
"146193","Inventory"
"146194","Inventory"
"146195","Ribao Technology USA Inc."
"146196","Inventory"
"146197","Inventory"
"146198","Protex Safe Company"
"146199","Tennsco"
"146200","AKILES PRODUCTS INC"
"146201","Spiral Binding Co"
"146202","Tennsco"
"146203","Inventory"
"146204","SOUTHWEST PLASTIC BINDING"
"146205","TRACO MANUFACTURING INC."
"146207","Inventory"
"146208","Inventory"
"146209","Inventory"
"146210","TRACO MANUFACTURING INC."
"146211","V-Line Industries"
"146212","Inventory"
"146213","DAHLE"
"146214","Klopp International"
"146216","FOSTER MANUFACTURING CO"
"146217","Inventory"
"146218","Inventory"
"146219","Inventory"
"146220","TAMERICA PRODUCTS INC."
"146221","AKILES PRODUCTS INC"
"146222","Inventory"
"146223","Inventory"
"146224","Inventory"
"146225","Pro-Bind"
"146226","Inventory"
"146227","Inventory"
"146228","Carnation Inc."
"146229","Cassida Corporation"
"146230","Inventory"
"146231","AKILES PRODUCTS INC"
"146232","Inventory"
"146233","Inventory"
"146234","Inventory"
"146235","Inventory"
"146236","DataBind Corp"
"146237","Inventory"
"146238","The Staplex Company"
"146239","Inventory"
"146240","spiral binding co"
"146241","TRACO MANUFACTURING INC."
"146242","Inventory"
"146243","Inventory"
"146244","Inventory"
"146245","DAHLE"
"146246","Spiral Binding Co"
"146247","MARTIN-YALE INDUSTRIES INC."
"146249","Synnex Corp GBC"
"146250","Tennsco"
"146251","ACCO USA"
"146252","Inventory"
"146253","Inventory"
"146254","Inventory"
"146256","Inventory"
"146257","Synnex Corp GBC"
"146258","Inventory"
"146260","N F String & Son Inc"
"146261","Spiral Binding Co"
"146262","Spiral Binding Co"
"146264","Inventory"
"146265","ACCO USA"
"146266","Inventory"
"146267","Inventory"
"146268","Carnation Inc."
"146269","Cassida Corporation"
"146270","Carnation Inc."
"146271","Cassida Corporation"
"146272","PVC SPIRAL SUPPLY"
"146273","TRACO MANUFACTURING INC."
"146274","ACCO USA"
"146275","DAHLE"
"146276","Inventory"
"146277","Inventory"
"146280","Inventory"
"146281","CARL International"
"146282","Pro-Bind"
"146283","Klopp International"
"146284","Inventory"
"146285","Inventory"
"146286","Inventory"
"146287","Inventory"
"146288","Adlam Films"
"146289","DataBind Corp"
"146290","DataBind Corp"
"146291","AKILES PRODUCTS INC"
"146292","Inventory"
"146293","Inventory"
"146294","Inventory"
"146295","Spiral Binding Co"
"146296","Inventory"
"146297","Spiral Binding Co"
"146298","Inventory"
"146299","Inventory"
"146300","DAHLE"
"146301","Vestil Manufacturing Company"
"146302","Inventory"
"146303","Inventory"
"146304","Spiral Binding Co"
"146305","Inventory"
"146306","Inventory"
"146307","Adlam Films"
"146308","Adlam Films"
"146309","SOUTHWEST PLASTIC BINDING"
"146310","Inventory"
"146311","Inventory"
"146312","Inventory"
"146313","Inventory"
"146314","Inventory"
"146315","Inventory"
"146316","HSM"
"146317","HSM"
"146318","LASSCO"
"146319","Inventory"
"146320","Inventory"
"146321","Inventory"
"146322","MMF Industries"
"146323","Inventory"
"146324","Inventory"
"146325","Spiral Binding Co"
"146326","Inventory"
"146327","DAHLE"
"146328","Spiral Binding Co"
"146329","Inventory"
"146330","Inventory"
"146331","Inventory"
"146332","CARL International"
"146333","TRACO MANUFACTURING INC."
"146334","Stack-On"
"146335","Inventory"
"146336","Spiral Binding Co"
"146337","Inventory"
"146338","CARL International"
"146339","Spiral Binding Co"
"146340","TAMERICA PRODUCTS INC."
"146341","TRACO MANUFACTURING INC."
"146342","Inventory"
"146343","STACK-ON"
"146344","Adlam Films"
"146345","Inventory"
"146346","FOSTER MANUFACTURING CO"
"146347",\N
"146348","Inventory"
"146349","Inventory"
"146350","Inventory"
"146351","Cassida Corporation"
"146352","Adlam Films"
"146353","Inventory"
"146354","SOUTHWEST PLASTIC BINDING"
"146355","Inventory"
"146356","Inventory"
"146357","Synnex Corp GBC"
"146358","Inventory"
"146359","DYNAFOLD USA INC."
"146360","Spiral Binding Co"
"146361","Inventory"
"146362","Inventory"
"146363","MARTIN-YALE INDUSTRIES INC."
"146364","PostMark"
"146365","Inventory"
"146366","Inventory"
"146367","Adlam Films"
"146368","Inventory"
"146369","Spiral Binding Co"
"146370","Inventory"
"146371","Inventory"
"146372","AKILES PRODUCTS INC"
"146373","Inventory"
"146374","Inventory"
"146375","AKILES PRODUCTS INC"
"146376","Inventory"
"146378","Inventory"
"146379","Adlam Films"
"146380","Inventory"
"146381","Inventory"
"146382","Inventory"
"146383","AKILES PRODUCTS INC"
"146385","Inventory"
"146386","Inventory"
"146387","Inventory"
"146389","Stack-On"
"146390","MARTIN-YALE INDUSTRIES INC."
"146392","The Staplex Company"
"146393","Inventory"
"146394","Inventory"
"146395","Spiral Binding Co"
"146396","Spiral Binding Co"
"146397","N F String & Son Inc"
"146398","Inventory"
"146399","Spiral Binding Co"
"146400","Inventory"
"146401","Inventory"
"146402","Inventory"
"146403","Inventory"
"146404","Spiral Binding Co"
"146405","Inventory"
"146406","Inventory"
"146407","Inventory"
"146408","TRACO MANUFACTURING INC."
"146409","Inventory"
"146410","Inventory"
"146411","Inventory"
"146412","Spiral Binding Co"
"146413","Inventory"
"146414","Inventory"
"146415","Inventory"
"146416","Inventory"
"146417","MBM CORPORATION"
"146418","Spiral Binding Co"
"146419","Adlam Films"
"146422","Inventory"
"146423","Inventory"
"146424","Inventory"
"146425","Inventory"
"146426","Inventory"
"146427","Inventory"
"146428","Inventory"
"146429","Inventory"
"146430","Inventory"
"146431","Inventory"
"146433","Inventory"
"146434","AKILES PRODUCTS INC"
"146435","SOUTHWEST PLASTIC BINDING"
"146436","Tennsco"
"146437","Spiral Binding Co"
"146438","Tennsco"
"146439","Spiral Binding Co"
"146440","DataBind Corp"
"146441","SOUTHWEST PLASTIC BINDING"
"146442","Inventory"
"146443","Inventory"
"146444","Tennsco"
"146445","Synnex Corp GBC"
"146446","Inventory"
"146447","Inventory"
"146448","Tennsco"
"146449","Inventory"
"146450","Tennsco"
"146451","Inventory"
"146452","Adlam Films"
"146454","DYNAFOLD USA INC."
"146455","Inventory"
"146456","HSM"
"146457","Inventory"
"146458","Inventory"
"146459","Stack-On"
"146460","Acroprint Time Recorder Co."
"146461","Inventory"
"146462","Inventory"
"146463","Inventory"
"146464","Inventory"
"146465","Inventory"
"146466","Inventory"
"146467","Inventory"
"146468","Spiral Binding Co"
"146469","Inventory"
"146470","Inventory"
"146471","Inventory"
"146472","Inventory"
"146473","Inventory"
"146474","Adlam Films"
"146475","TRACO MANUFACTURING INC."
"146476","Inventory"
"146477","Inventory"
"146478","AKILES PRODUCTS INC"
"146479","TRACO MANUFACTURING INC."
"146480","Inventory"
"146481","Inventory"
"146482","Spiral Binding Co"
"146483","Inventory"
"146484","TRACO MANUFACTURING INC."
"146485","Inventory"
"146486","Inventory"
"146487","Spiral Binding Co"
"146488","SOUTHWEST PLASTIC BINDING"
"146489","Pro Pack Inc."
"146490","MBM CORPORATION"
"146491","Spiral Binding Co"
"146492","AKILES PRODUCTS INC"
"146493","Inventory"
"146494","Inventory"
"146495","Inventory"
"146496","SOUTHWEST PLASTIC BINDING"
"146497","Semacon Business Machines"
"146498","MMF Industries"
"146499","Semacon Business Machines"
"146500","SOUTHWEST PLASTIC BINDING"
"146501","DYNAFOLD USA INC."
"146502","Inventory"
"146503","Inventory"
"146504","Spiral Binding Co"
"146505","Sentry Safe (Master Lock)"
"146508","Inventory"
"146509","Inventory"
"146510","Inventory"
"146511","Inventory"
"146512","Spiral Binding Co"
"146513","Inventory"
"146514","Inventory"
"146515","DataBind Corp"
"146517","Inventory"
"146518","DYNAFOLD USA INC."
"146519","Inventory"
"146520","Synnex Corp GBC"
"146521","Inventory"
"146522","Inventory"
"146523","Inventory"
"146524","Amazon"
"146525","Amazon"
"146526","Amazon"
"146527","Amazon"
"146528","Inventory"
"146529","Spiral Binding Co"
"146530","Inventory"
"146531","Stack-On"
"146532","Inventory"
"146533","Spiral Binding Co"
"146534","Inventory"
"146535","AKILES PRODUCTS INC"
"146536","Inventory"
"146537","DAHLE"
"146539","CARL International"
"146541","Inventory"
"146542","Inventory"
"146543","Inventory"
"146544","Spiral Binding Co"
"146545","Semacon Business Machines"
"146546","Inventory"
"146547","Inventory"
"146550","Spiral Binding Co"
"146551","N F String & Son Inc"
"146552","KAPCO GRAPHIC PRODUCTS CO"
"146553","Inventory"
"146554","Inventory"
"146555","Inventory"
"146556","Inventory"
"146557","TRACO MANUFACTURING INC."
"146558","Inventory"
"146559","DYNAFOLD USA INC."
"146560","Inventory"
"146561","Inventory"
"146562","LASSCO"
"146563","FOSTER MANUFACTURING CO"
"146564","Adlam Films"
"146565","Inventory"
"146566","Semacon Business Machines"
"146567","Inventory"
"146568","Inventory"
"146569","Adlam Films"
"146570","Inventory"
"146571","TAMERICA PRODUCTS INC."
"146572","SOUTHWEST PLASTIC BINDING"
"146573","Inventory"
"146574","Inventory"
"146575","Inventory"
"146576","Inventory"
"146577","Spiral Binding Co"
"146578","Spiral Binding Co"
"146579","AKILES PRODUCTS INC"
"146580","LASSCO"
"146581","Inventory"
"146582","Inventory"
"146584","AKILES PRODUCTS INC"
"146586","Inventory"
"146587","Inventory"
"146589","Inventory"
"146590","Spiral Binding Co"
"146591","Inventory"
"146592","Inventory"
"146593","DataBind Corp"
"146594","ACCO USA"
"146595","Spiral Binding Co"
"146596","Inventory"
"146597","Inventory"
"146599","Acroprint Time Recorder Co."
"146600","SOUTHWEST PLASTIC BINDING"
"146601","Inventory"
"146602","Spiral Binding Co"
"146603","Inventory"
"146604","DAHLE"
"146605","Inventory"
"146606","Inventory"
"146607","Inventory"
"146608","Spiral Binding Co"
"146610","Spiral Binding Co"
"146611","Inventory"
"146612","Synnex Crop GBC"
"146613","Inventory"
"146614","TRACO MANUFACTURING INC."
"146615","Magner"
"146616","Inventory"
"146617","Inventory"
"146618","Spiral Binding Co"
"146619","Synnex Corp GBC"
"146620","Inventory"
"146621","MARTIN-YALE INDUSTRIES INC."
"146622","Inventory"
"146623","Inventory"
"146624","AKILES PRODUCTS INC"
"146625","Inventory"
"146626","CARL International"
"146627","Hollon Safe Company"
"146628","Inventory"
"146629","Inventory"
"146631","Spiral Binding Co"
"146632","DYNAFOLD USA INC."
"146633","ACCO USA"
"146634","AKILES PRODUCTS INC"
"146635","Spiral Binding Co"
"146636","CARL International"
"146638","Inventory"
"146639","Inventory"
"146640","Tennsco"
"146641","Inventory"
"146642","SOUTHWEST PLASTIC BINDING"
"146643","Inventory"
"146645","AKILES PRODUCTS INC"
"146646","Synnex Crop GBC"
"146647","Inventory"
"146648","Inventory"
"146649","MBM CORPORATION"
"146650","Inventory"
"146651","Inventory"
"146652","Cassida Corporation"
"146653","N F String & Son Inc"
"146654","TRACO MANUFACTURING INC."
"146655","Inventory"
"146656","Spiral Binding Co"
"146657","Inventory"
"146658","The Staplex Company"
"146659","Inventory"
"146660","Inventory"
"146661","CARL International"
"146662","Inventory"
"146663","Spiral Binding Co"
"146664","Stack-On"
"146665","SOUTHWEST PLASTIC BINDING"
"146667","SOUTHWEST PLASTIC BINDING"
"146669","Quality Commercial Machines"
"146670","SOUTHWEST PLASTIC BINDING"
"146671","Synnex Crop GBC"
"146672","Inventory"
"146673","Inventory"
"146674","Inventory"
"146677","TAMERICA PRODUCTS INC."
"146678","SOUTHWEST PLASTIC BINDING"
"146679","Spiral Binding Co"
"146680","Spiral Binding Co"
"146681","Spiral Binding Co"
"146682","Inventory"
"146683","Inventory"
"146684","Inventory"
"146685","MBM CORPORATION"
"146686","Adlam Films"
"146687","Inventory"
"146688","Inventory"
"146689","Inventory"
"146690","ACCO USA"
"146691","Inventory"
"146692","Inventory"
"146693","Cassida Corporation"
"146694","Spiral Binding Co"
"146695","Inventory"
"146696","DAHLE"
"146697","Inventory"
"146698","Inventory"
"146699","MBM CORPORATION"
"146700","Inventory"
"146701","V-Line Industries"
"146702","C-Line Products Inc."
"146703","Inventory"
"146704","TAMERICA PRODUCTS INC."
"146705","Inventory"
"146706","Spiral Binding Co"
"146707","Inventory"
"146708","DAHLE"
"146709","DAHLE"
"146710","Inventory"
"146711","DAHLE"
"146712","Inventory"
"146713","MMF Industries"
"146714","N F String & Son Inc"
"146715","SOUTHWEST PLASTIC BINDING"
"146716","Spiral Binding Co"
"146717","Inventory"
"146718","ACCO USA"
"146719","Spiral Binding Co"
"146720","WILMER"
"146721","Inventory"
"146722","Inventory"
"146723","Inventory"
"146724","Spiral Binding Co"
"146725","Synnex Crop GBC"
"146726","MBM CORPORATION"
"146727","ACCO USA"
"146728","Inventory"
"146729","Spiral Binding Co"
"146730","MBM CORPORATION"
"146731","Inventory"
"146732","Synnex Crop GBC"
"146733","Inventory"
"146734","DAHLE"
"146735","Magner"
"146736","TRACO MANUFACTURING INC."
"146737","Inventory"
"146739","Inventory"
"146740","Spiral Binding Co"
"146741","Stack-On"
"146742","Spiral Binding Co"
"146743","Spiral Binding Co"
"146744","Spiral Binding Co"
"146745","Inventory"
"146746","TAMERICA PRODUCTS INC."
"146747","Inventory"
"146748","Adlam Films"
"146749","Spiral Binding Co"
"146750","Spiral Binding Co"
"146751","Inventory"
"146752","Inventory"
"146753","Inventory"
"146754","Inventory"
"146755","Pro-Bind"
"146756","Spiral Binding Co"
"146757","Inventory"
"146758","Adlam Films"
"146759","Spiral Binding Co"
"146760","Spiral Binding Co"
"146761","Inventory"
"146762","AKILES PRODUCTS INC"
"146763","TAMERICA PRODUCTS INC."
"146764","AKILES PRODUCTS INC"
"146765","TAMERICA PRODUCTS INC."
"146766","FORMAX"
"146767","Spiral Binding Co"
"146768","Inventory"
"146770","CARL International"
"146772","Semacon Business Machines"
"146773","DataBind Corp"
"146774","Inventory"
"146775","Spiral Binding Co"
"146776","AKILES PRODUCTS INC"
"146777","Semacon Business Machines"
"146778","Inventory"
"146779","Inventory"
"146780","Inventory"
"146781","Inventory"
"146782","Inventory"
"146783","Spiral Binding Co"
"146784","Acroprint Time Recorder Co."
"146785","Inventory"
"146786","Spiral Binding Co"
"146787","Inventory"
"146788","Inventory"
"146789","Inventory"
"146790","Inventory"
"146791","Inventory"
"146792","Inventory"
"146793","Adlam Films"
"146794","Inventory"
"146795","PostMark"
"146796","DYNAFOLD USA INC."
"146797","CARL International"
"146798","ACCO USA"
"146799","AKILES PRODUCTS INC"
"146800","Inventory"
"146801","Inventory"
"146802","Spiral Binding Co"
"146803","Spiral Binding Co"
"146804","Spiral Binding Co"
"146805","Inventory"
"146806","Inventory"
"146807","Inventory"
"146808","Inventory"
"146809","Inventory"
"146810","Inventory"
"146811","Spiral Binding Co"
"146812","Inventory"
"146813","Inventory"
"146814","Inventory"
"146815","Logan Graphic Products"
"146816","The Staplex Company"
"146817","Safe and Vault Store"
"146819","SOUTHWEST PLASTIC BINDING"
"146820","Synnex Crop GBC"
"146821","Inventory"
"146822","Inventory"
"146823","Inventory"
"146824","Pyramid Technologies"
"146825","Inventory"
"146826","SOUTHWEST PLASTIC BINDING"
"146827","Inventory"
"146828","Inventory"
"146829","Synnex Crop GBC"
"146830","Inventory"
"146831","Synnex Crop GBC"
"146832","TRACO MANUFACTURING INC."
"146833","Inventory"
"146834","Inventory"
"146835","Inventory"
"146836","Spiral Binding Co"
"146837","Inventory"
"146839","Amazon"
"146840","Adlam Films"
"146841","Inventory"
"146842","Adlam Films"
"146843","Clark Security (AMSEC)"
"146844","Inventory"
"146845","Protex Safe Company"
"146846","Inventory"
"146847","SOUTHWEST PLASTIC BINDING"
"146848","Tennsco"
"146849","PostMark"
"146850","TAMERICA PRODUCTS INC."
"146851","AKILES PRODUCTS INC"
"146852","HSM"
"146853","Inventory"
"146854","Spiral Binding Co"
"146855","CARL International"
"146856","DAHLE"
"146858","Inventory"
"146859","HSM"
"146861","Inventory"
"146862","Inventory"
"146863","Inventory"
"146864","Synnex Crop GBC"
"146865","Mono Machines"
"146866","WILMER"
"146867","Inventory"
"146868","Tennsco"
"146869","Inventory"
"146870","Inventory"
"146871","Spiral Binding Co"
"146872","MARTIN-YALE INDUSTRIES INC."
"146873","Inventory"
"146874","AKILES PRODUCTS INC"
"146875","Inventory"
"146876","PVC SPIRAL SUPPLY"
"146877","Inventory"
"146878","Inventory"
"146879","AKILES PRODUCTS INC"
"146880","CARL International"
"146881","Inventory"
"146882","Inventory"
"146883","Inventory"
"146884","Inventory"
"146885","Inventory"
"146886","Inventory"
"146887","Spiral Binding Co"
"146888","Inventory"
"146889","Spiral Binding Co"
"146890","Inventory"
"146891","Inventory"
"146892","Inventory"
"146893","Spiral Binding Co"
"146894","Pyramid Technologies"
"146895","DAHLE"
"146896","Semacon Business Machines"
"146897","WILMER"
"146898","Inventory"
"146899","Semacon Business Machines"
"146900","Inventory"
"146901","Inventory"
"146902","Inventory"
"146903","Inventory"
"146904","Inventory"
"146905","Adlam Films"
"146906","Inventory"
"146907","TAMERICA PRODUCTS INC."
"146908","Inventory"
"146909","Inventory"
"146910","Inventory"
"146911","Adlam Films"
"146912","Synnex Crop GBC"
"146913","Inventory"
"146914","Inventory"
"146915","DataBind Corp"
"146916","Inventory"
"146917","Inventory"
"146918","Inventory"
"146919","Adlam Films"
"146920","Inventory"
"146921","Inventory"
"146922","Synnex Crop GBC"
"146923","The Staplex Company"
"146924","Inventory"
"146925","Inventory"
"146926","CARL International"
"146927","Inventory"
"146928","Inventory"
"146929","Inventory"
"146930","Inventory"
"146932","Inventory"
"146933","Inventory"
"146934","Inventory"
"146935","LASSCO"
"146936","Spiral Binding Co"
"146937","Adlam Films"
"146938","Inventory"
"146939","CARL International"
"146940","Inventory"
"146941","Inventory"
"146942","Inventory"
"146943","Adlam Films"
"146944","Inventory"
"146945","Inventory"
"146947","Inventory"
"146948","Inventory"
"146949","Inventory"
"146950","Adlam Films"
"146951","Inventory"
"146952","Inventory"
"146953","Inventory"
"146954","Spiral Binding Co"
"146955","Spiral Binding Co"
"146956","Inventory"
"146957","Spiral Binding Co"
"146958","AKILES PRODUCTS INC"
"146959","Inventory"
"146960","DYNAFOLD USA INC."
"146961","N F String & Son Inc"
"146963","Inventory"
"146964","Spiral Binding Co"
"146965","Vestil Manufacturing Company"
"146966","DataBind Corp"
"146967","Inventory"
"146968","Spiral Binding Co"
"146969","Inventory"
"146970","INVENTORY"
"146972","Inventory"
"146973","Tennsco"
"146974","Inventory"
"146975","ACCO USA"
"146976","Spiral Binding Co"
"146977","Inventory"
"146978","Spiral Binding Co"
"146979","N F String & Son Inc"
"146980","ACCO USA"
"146981","DAHLE"
"146982","The Staplex Company"
"146983","DAHLE"
"146984","Spiral Binding Co"
"146985","Inventory"
"146986","WILMER"
"146987","Inventory"
"146988","Inventory"
"146989","TAMERICA PRODUCTS INC."
"146990","Inventory"
"146991","Inventory"
"146992","Inventory"
"146993","Inventory"
"146994","Inventory"
"146996","Inventory"
"146997","Spiral Binding Co"
"146998","Inventory"
"146999","Inventory"
"147000","DAHLE"
"147001","Inventory"
"147002","Inventory"
"147003","TAMERICA PRODUCTS INC."
"147004","KAPCO GRAPHIC PRODUCTS CO"
"147005","Inventory"
"147006","Inventory"
"147007","Inventory"
"147008","Inventory"
"147009","Spiral Binding Co"
"147010",\N
"147011","Spiral Binding Co"
"147012","Stack-On"
"147013","Adlam Films"
"147014","AKILES PRODUCTS INC"
"147015","Inventory"
"147016","Inventory"
"147017","Inventory"
"147018","Inventory"
"147019","Inventory"
"147020","PVC SPIRAL SUPPLY"
"147021","AKILES PRODUCTS INC"
"147022","Spiral Binding Co"
"147023","Protex Safe Company"
"147024","Spiral Binding Co"
"147025","Inventory"
"147026","AKILES PRODUCTS INC"
"147027","PostMark"
"147028","Spiral Binding Co"
"147029","ACCO USA"
"147030","DAHLE"
"147031","Inventory"
"147032","Semacon Business Machines"
"147033","Spiral Binding Co"
"147034","Inventory"
"147035","Spiral Binding Co"
"147036","Inventory"
"147037","Inventory"
"147038","PVC SPIRAL SUPPLY"
"147039","DAHLE"
"147040","Inventory"
"147041","Amazon"
"147042","Thermobind.com"
"147043","CARL International"
"147044","Adlam Films"
"147046","Inventory"
"147048","Inventory"
"147049","Semacon Business Machines"
"147050","Inventory"
"147051","Inventory"
"147052","FOSTER MANUFACTURING CO"
"147053","Spiral Binding Co"
"147054","Inventory"
"147055","PVC SPIRAL SUPPLY"
"147056","Inventory"
"147057","Inventory"
"147058","Stack-On"
"147060","STACK-ON"
"147061","Inventory"
"147062","Inventory"
"147065","Spiral Binding Co"
"147066","TRACO MANUFACTURING INC."
"147067","Inventory"
"147068","Inventory"
"147069","Spiral Binding Co"
"147070","LASSCO"
"147071","Spiral Binding Co"
"147072","Inventory"
"147073","Inventory"
"147074","SOUTHWEST PLASTIC BINDING"
"147075","AKILES PRODUCTS INC"
"147076","Protex Safe Company"
"147077","Semacon Business Machines"
"147078","TAMERICA PRODUCTS INC."
"147079","Spiral Binding Co"
"147080","Spiral Binding Co"
"147081","Inventory"
"147082","Klopp International"
"147083","Pro-Bind"
"147084","Inventory"
"147085","Inventory"
"147086","Spiral Binding Co"
"147087","Inventory"
"147088","Adlam Films"
"147089","AKILES PRODUCTS INC"
"147090","Tennsco"
"147091","KAPCO GRAPHIC PRODUCTS CO"
"147092","Inventory"
"147093","Inventory"
"147094","Inventory"
"147095","Spiral Binding Co"
"147096","Inventory"
"147097","Spiral Binding Co"
"147098","Hollon Safe Company"
"147099","Inventory"
"147100","Inventory"
"147101","MBM CORPORATION"
"147102","Inventory"
"147103","Spiral Binding Co"
"147104","Hollon Safe Company"
"147105","Adlam Films"
"147106","Inventory"
"147107","Inventory"
"147108","Inventory"
"147109","Officesupersavers.com"
"147110","Officesupersavers.com"
"147111","Inventory"
"147112","The Staplex Company"
"147113","MARTIN-YALE INDUSTRIES INC."
"147114","Sentry Safe (Master Lock)"
"147115","TAMERICA PRODUCTS INC."
"147116","Inventory"
"147117","Inventory"
"147118","Inventory"
"147119","Synnex Corp GBC"
"147120","Inventory"
"147121","The Staplex Company"
"147122","DAHLE"
"147123","Inventory"
"147124","Inventory"
"147125","SOUTHWEST PLASTIC BINDING"
"147126","The Staplex Company"
"147127","Spiral Binding Co"
"147128","Spiral Binding Co"
"147129","Inventory"
"147130","Spiral Binding Co"
"147131","Inventory"
"147132","PVC SPIRAL SUPPLY"
"147133","DAHLE"
"147134","Inventory"
"147135","Inventory"
"147136","Inventory"
"147137","Inventory"
"147138","Inventory"
"147140","Inventory"
"147141","Inventory"
"147142","Inventory"
"147143","Inventory"
"147144","inventory"
"147145","Spiral Binding Co"
"147146","Inventory"
"147147","Inventory"
"147148","PERFORMANCE DESIGN INC."
"147149","AKILES PRODUCTS INC"
"147150","PVC SPIRAL SUPPLY"
"147151","Inventory"
"147152","Inventory"
"147153","Spiral Binding Co"
"147154","Inventory"
"147155","Sentry Safe (Master Lock)"
"147156","STACK-ON"
"147157","Inventory"
"147158","Inventory"
"147159","Inventory"
"147160","LASSCO"
"147161","Inventory"
"147162","Inventory"
"147163","Inventory"
"147164","N F String & Son Inc"
"147165","Inventory"
"147166","Inventory"
"147167","Inventory"
"147168","Inventory"
"147169","Inventory"
"147170","Inventory"
"147171","Inventory"
"147172","Hollon Safe Company"
"147173","Tennsco"
"147174","Adlam Films"
"147175","Inventory"
"147176","Synnex Corp GBC"
"147177","Inventory"
"147178","Spiral Binding Co"
"147179","DYNAFOLD USA INC."
"147180","Spiral Binding Co"
"147181","Spiral Binding Co"
"147182","Spiral Binding Co"
"147183","Amazon"
"147185","CARL International"
"147186","CARL International"
"147187","Inventory"
"147188","Inventory"
"147189","TAMERICA PRODUCTS INC."
"147190","Spiral Binding Co"
"147191","Spiral Binding Co"
"147192","SOUTHWEST PLASTIC BINDING"
"147193","Inventory"
"147194","DYNAFOLD USA INC."
"147196","Inventory"
"147197","Inventory"
"147198","LASSCO"
"147199","AKILES PRODUCTS INC"
"147200","Inventory"
"147203","Inventory"
"147204","Inventory"
"147205","Adlam Films"
"147206","Stack-On"
"147207","Inventory"
"147208","Inventory"
"147209","SOUTHWEST PLASTIC BINDING"
"147210","Inventory"
"147211","Inventory"
"147212","Inventory"
"147213","TRACO MANUFACTURING INC."
"147214","Inventory"
"147215","Synnex Corp GBC"
"147216","Inventory"
"147217","Inventory"
"147218","Inventory"
"147219","Inventory"
"147221","Semacon Business Machines"
"147222","Inventory"
"147223","Spiral Binding Co"
"147224","Spiral Binding Co"
"147225","Inventory"
"147226","TAMERICA PRODUCTS INC."
"147227","Inventory"
"147228","Inventory"
"147229","Adlam Films"
"147230","Inventory"
"147233","TAMERICA PRODUCTS INC."
"147236","MBM CORPORATION"
"147237","Adlam Films"
"147238","Inventory"
"147239","Tennsco"
"147240","FOSTER MANUFACTURING CO"
"147241","Inventory"
"147242","Inventory"
"147243","SOUTHWEST PLASTIC BINDING"
"147244","Spiral Binding Co"
"147245","Inventory"
"147246","The Staplex Company"
"147247","Inventory"
"147248","Sentry Safe (Master Lock)"
"147249","Inventory"
"147250","Inventory"
"147251","STACK-ON"
"147252","Stack-On"
"147253","TAMERICA PRODUCTS INC."
"147254","Inventory"
"147255","Synnex Corp GBC"
"147256","Inventory"
"147258","Semacon Business Machines"
"147259","Inventory"
"147260","Inventory"
"147261","Inventory"
"147262","Southwest Plastic Binding"
"147263","Inventory"
"147264","MARTIN-YALE INDUSTRIES INC."
"147265","Inventory"
"147266","Klopp International"
"147267","Spiral Binding Co"
"147268","STANDARD DUPLICATING MACHINES"
"147269","Inventory"
"147270","CARL International"
"147271","Inventory"
"147272","Spiral Binding Co"
"147273","Inventory"
"147274","inventory"
"147275","Inventory"
"147276","Inventory"
"147277","DataBind Corp"
"147278","Inventory"
"147279","The Staplex Company"
"147280","Inventory"
"147281","Spiral Binding Co"
"147282","Inventory"
"147283","The Staplex Company"
"147284","Inventory"
"147285","DAHLE"
"147286","Inventory"
"147287","Inventory"
"147288","Inventory"
"147289","Inventory"
"147291","Spiral Binding Co"
"147292","Spiral Binding Co"
"147293","Adlam Films"
"147294","Inventory"
"147295","Hollon Safe Company"
"147296","Inventory"
"147297","TAMERICA PRODUCTS INC."
"147298","Inventory"
"147299","Spiral Binding Co"
"147300","Adlam Films"
"147301","Synnex Corp GBC"
"147302","Inventory"
"147303","TAMERICA PRODUCTS INC."
"147304","AKILES PRODUCTS INC"
"147305","AKILES PRODUCTS INC"
"147306","Amazon"
"147307","CARL International"
"147308","Inventory"
"147309","Inventory"
"147310","Inventory"
"147311","Inventory"
"147312","Spiral Binding Co"
"147313","Inventory"
"147314","Inventory"
"147315","AKILES PRODUCTS INC"
"147316","Clark Security (AMSEC)"
"147317","Inventory"
"147318","Inventory"
"147319","Spiral Binding Co"
"147320","AKILES PRODUCTS INC"
"147321","Inventory"
"147322","Inventory"
"147323","Inventory"
"147324","Inventory"
"147325","Hollon Safe Company"
"147326","Tennsco"
"147327","Inventory"
"147328","Amazon"
"147329","Spiral Binding Co"
"147330","Inventory"
"147331","Inventory"
"147332","DYNAFOLD USA INC."
"147333","MARTIN-YALE INDUSTRIES INC."
"147334","Spiral Binding Co"
"147335","Inventory"
"147336","Inventory"
"147337","Inventory"
"147339","Inventory"
"147341","Inventory"
"147342","Inventory"
"147343","Inventory"
"147344","Inventory"
"147345","Inventory"
"147346","Inventory"
"147347","Inventory"
"147348","Adlam Films"
"147349","Inventory"
"147350","Inventory"
"147351","TRACO MANUFACTURING INC."
"147352","Spiral Binding Co"
"147353","Inventory"
"147354","Hollon Safe Company"
"147355","Inventory"
"147356","Inventory"
"147357","Spiral Binding Co"
"147358","Protex Safe Company"
"147359","Adlam Films"
"147360","Tennsco"
"147361","Inventory"
"147362","Inventory"
"147363","Adlam Films"
"147364","Inventory"
"147365","Spiral Binding Co"
"147366","Inventory"
"147367","Inventory"
"147368","Inventory"
"147369","Inventory"
"147370","Spiral Binding Co"
"147371","Inventory"
"147372","Inventory"
"147373","Pro-Bind"
"147374","Synnex Corp GBC"
"147375","TRACO MANUFACTURING INC."
"147376","DAHLE"
"147377","Inventory"
"147378","SOUTHWEST PLASTIC BINDING"
"147379","Inventory"
"147380","FOSTER MANUFACTURING CO"
"147381","Inventory"
"147382","Spiral Binding Co"
"147383","Inventory"
"147384","Inventory"
"147385","Inventory"
"147386","Spiral Binding Co"
"147387","Carnation Inc."
"147388","Cassida Corporation"
"147389","Carnation Inc."
"147390","Cassida Corporation"
"147391","Inventory"
"147392","Spiral Binding Co"
"147393","FOSTER MANUFACTURING CO"
"147394","Semacon Business Machines"
"147395","Inventory"
"147396","Logan Graphic Products"
"147397","Inventory"
"147400","Sentry Safe (Master Lock)"
"147401","Inventory"
"147403","Inventory"
"147404","Inventory"
"147405","Stack-On"
"147406","Inventory"
"147407","Inventory"
"147408","STACK-ON"
"147409","STACK-ON"
"147410","SOUTHWEST PLASTIC BINDING"
"147411","Inventory"
"147412","Inventory"
"147413","Inventory"
"147414","Inventory"
"147415","Inventory"
"147416","Inventory"
"147417","Spiral Binding Co"
"147418","AKILES PRODUCTS INC"
"147419","Inventory"
"147420","Inventory"
"147421","Inventory"
"147422","Spiral Binding Co"
"147423","Inventory"
"147424","Logan Graphic Products"
"147425","Inventory"
"147426","Inventory"
"147427","Inventory"
"147428","Spiral Binding Co"
"147429","Inventory"
"147430","Inventory"
"147431","Inventory"
"147432","DAHLE"
"147433","Inventory"
"147434","SOUTHWEST PLASTIC BINDING"
"147435","Inventory"
"147436","Inventory"
"147437","Adlam Films"
"147438","Inventory"
"147439","Inventory"
"147440","Semacon Business Machines"
"147441","Spiral Binding Co"
"147442","Safe and Vault Store"
"147443","Inventory"
"147444","Inventory"
"147445","Inventory"
"147446","Inventory"
"147447","SOUTHWEST PLASTIC BINDING"
"147448","Inventory"
"147449","Inventory"
"147450","Spiral Binding Co"
"147451","Inventory"
"147453","Inventory"
"147454","Spiral Binding Co"
"147455","Stack-On"
"147456","Inventory"
"147457","Adlam Films"
"147458","Inventory"
"147459","Inventory"
"147460","AKILES PRODUCTS INC"
"147461","Inventory"
"147462","TRACO MANUFACTURING INC."
"147463","N F String & Son Inc"
"147464","Inventory"
"147465","N F String & Son Inc"
"147466","Inventory"
"147467","Inventory"
"147468","Spiral Binding Co"
"147469","Inventory"
"147470","Spiral Binding Co"
"147471","Inventory"
"147472","Carnation Inc."
"147473","Cassida Corporation"
"147474","Inventory"
"147475","Synnex Corp GBC"
"147476","Spiral Binding Co"
"147477","Inventory"
"147478","SOUTHWEST PLASTIC BINDING"
"147479","STACK-ON"
"147480","Inventory"
"147481","Inventory"
"147482","Inventory"
"147483","Inventory"
"147484","Adlam Films"
"147485","CARL International"
"147486","LASSCO"
"147487","Inventory"
"147488","Inventory"
"147489","Synnex Corp GBC"
"147490","Carnation Inc."
"147491","Cassida Corporation"
"147492","Inventory"
"147493","Tennsco"
"147494","Inventory"
"147495","TAMERICA PRODUCTS INC."
"147496","CARL International"
"147497","CARL International"
"147498","Inventory"
"147499","Inventory"
"147500","Spiral Binding Co"
"147501","Inventory"
"147504","DYNAFOLD USA INC."
"147505","DAHLE"
"147506","Inventory"
"147507","Inventory"
"147508","Inventory"
"147509","Inventory"
"147510","Inventory"
"147511","Inventory"
"147512","Adlam Films"
"147513","Inventory"
"147514","Synnex Corp GBC"
"147515","Inventory"
"147516","Spiral Binding Co"
"147517","MARQUIS BUSINESS SYSTEMS INC"
"147518","Inventory"
"147519","Inventory"
"147520","Inventory"
"147521","Inventory"
"147522","Inventory"
"147523","Spiral Binding Co"
"147524","Inventory"
"147525","Spiral Binding Co"
"147526","Spiral Binding Co"
"147527","Spiral Binding Co"
"147528","Adlam Films"
"147529","Inventory"
"147530","LASSCO"
"147531","Inventory"
"147532","SOUTHWEST PLASTIC BINDING"
"147533","Inventory"
"147534","Inventory"
"147535","Inventory"
"147536","Inventory"
"147537","Inventory"
"147538","Spiral Binding Co"
"147539","Spiral Binding Co"
"147540","Inventory"
"147541","Inventory"
"147542","Inventory"
"147543","Inventory"
"147544","Inventory"
"147545","Inventory"
"147546","Inventory"
"147547","Inventory"
"147548","Inventory"
"147549","Synnex Corp GBC"
"147550","SOUTHWEST PLASTIC BINDING"
"147551","Inventory"
"147552","Spiral Binding Co"
"147553","Inventory"
"147554","Inventory"
"147555","Inventory"
"147556","Inventory"
"147557","Inventory"
"147558","Semacon Business Machines"
"147559","Spiral Binding Co"
"147560","Inventory"
"147561","Inventory"
"146838","Synnex Corp GBC"
"147562","Inventory"
"147563","SOUTHWEST PLASTIC BINDING"
"147564","The Staplex Company"
"147565","Spiral Binding Co"
"147566","Spiral Binding Co"
"147567","Safe and Vault Store"
"147568","Inventory"
"147569","Spiral Binding Co"
"147570","ACCO USA"
"147571","Semacon Business Machines"
"147572","Inventory"
"147573","STACK-ON"
"147574","Hollon Safe Company"
"147575","ACCO USA"
"147576","Inventory"
"147577","Protex Safe Company"
"147578","Inventory"
"147579","SOUTHWEST PLASTIC BINDING"
"147580","PostMark"
"147581","Spiral Binding Co"
"147582","ACCO USA"
"147583","Inventory"
"147584","Inventory"
"147585","Inventory"
"147586","Inventory"
"147587","Inventory"
"147588","The Staplex Company"
"147589","DYNAFOLD USA INC."
"147590","MARTIN-YALE INDUSTRIES INC."
"147591","Spiral Binding Co"
"147592","Inventory"
"147593","Adlam Films"
"147594","Spiral Binding Co"
"147595","SOUTHWEST PLASTIC BINDING"
"147596","Pro-Bind"
"147597","Spiral Binding Co"
"147598","Transcendia (Transilwrap)"
"147599","Inventory"
"147600","Inventory"
"147601","Inventory"
"147602","Inventory"
"147603","FOSTER MANUFACTURING CO"
"147604","Inventory"
"147605","Inventory"
"147606","Inventory"
"147607","Inventory"
"147608","Adlam Films"
"147609","Inventory"
"147610","AKILES PRODUCTS INC"
"147611","Inventory"
"147612","Inventory"
"147613","Inventory"
"147614","Inventory"
"147615","Spiral Binding Co"
"147616","Inventory"
"147617","Spiral Binding Co"
"147618","Inventory"
"147619","Spiral Binding Co"
"147620","Spiral Binding Co"
"147621","Inventory"
"147622","MMF Industries"
"147623","Inventory"
"147624","Inventory"
"147625","Spiral Binding Co"
"147626","Inventory"
"147627","AKILES PRODUCTS INC"
"147628","SOUTHWEST PLASTIC BINDING"
"147630","DAHLE"
"147631","Inventory"
"147632","Inventory"
"147633","Inventory"
"147634","DAHLE"
"147635","Inventory"
"147636","Inventory"
"147637","MBM CORPORATION"
"147638","Inventory"
"147639","Acroprint Time Recorder Co."
"147640","Spiral Binding Co"
"147641","Inventory"
"147642","Inventory"
"147643","Inventory"
"147644","Inventory"
"147645","Inventory"
"147646","Inventory"
"147647","N F String & Son Inc"
"147648","Spiral Binding Co"
"147649","Inventory"
"147650","Inventory"
"147651","Inventory"
"147653","Inventory"
"147654","Inventory"
"147655","Tennsco"
"147656","ACCO USA"
"147657","AKILES PRODUCTS INC"
"147658","Spiral Binding Co"
"147659","Inventory"
"147660","Inventory"
"147661","N F String & Son Inc"
"147662","Inventory"
"147663","Inventory"
"147664","Inventory"
"147665","Inventory"
"147666","Inventory"
"147667","DataBind Corp"
"147668","Spiral Binding Co"
"147669","Adlam Films"
"147670","Spiral Binding Co"
"147671","Inventory"
"147672","Amazon"
"147673","CARL International"
"147674","Spiral Binding Co"
"147675","Inventory"
"147676","Inventory"
"147677","Inventory"
"147678","Inventory"
"147679","Inventory"
"147680","Spiral Binding Co"
"147681","Inventory"
"147682","AKILES PRODUCTS INC"
"147684","Inventory"
"147685","Inventory"
"147686","Inventory"
"147687","TAMERICA PRODUCTS INC."
"147688","Inventory"
"147689","N F String & Son Inc"
"147690","AKILES PRODUCTS INC"
"147691","Inventory"
"147692","Inventory"
"147693","Inventory"
"147694","Inventory"
"147695","Spiral Binding Co"
"147696","Spiral Binding Co"
"147697","TAMERICA PRODUCTS INC."
"147698","Inventory"
"147699","Inventory"
"147700","Inventory"
"147701","Inventory"
"147702","Inventory"
"147703","Spiral Binding Co"
"147704","Inventory"
"147705","Inventory"
"147706","Inventory"
"147707","Adlam Films"
"147708","ACCO USA"
"147709","Adlam Films"
"147710","LASSCO"
"147711","Inventory"
"147713","Spiral Binding Co"
"147714","Inventory"
"147715","Spiral Binding Co"
"147716","Inventory"
"147717","Inventory"
"147718","SOUTHWEST PLASTIC BINDING"
"147719","CARL International"
"147720","Inventory"
"147721","Inventory"
"147722","TAMERICA PRODUCTS INC."
"147723","TRACO MANUFACTURING INC."
"147724","DAHLE"
"147725","Inventory"
"147726","DataBind Corp"
"147727","ACCO USA"
"147728","AKILES PRODUCTS INC"
"147729","Inventory"
"147730","Inventory"
"147731","Inventory"
"147732","Inventory"
"147733","Inventory"
"147734","Inventory"
"147735","Spiral Binding Co"
"147736","Spiral Binding Co"
"147737","Protex Safe Company"
"147738","ACCO USA"
"147739","Inventory"
"147740","Semacon Business Machines"
"147741","Spiral Binding Co"
"147742","N F String & Son Inc"
"147743","Semacon Business Machines"
"147744","Inventory"
"147745","Spiral Binding Co"
"147746","Inventory"
"147747","officesupply.com"
"147748","TAMERICA PRODUCTS INC."
"147749","Inventory"
"147750","Inventory"
"147751","Inventory"
"147752","Logan Graphic Products"
"147753","Inventory"
"147754","Acroprint Time Recorder Co."
"147755","Inventory"
"147756","The Staplex Company"
"147757","Spiral Binding Co"
"147758","Inventory"
"147759","Inventory"
"147760","Logan Graphic Products"
"147761","Inventory"
"147762","Adlam Films"
"147763","Inventory"
"147764","Inventory"
"147765","Protex Safe Company"
"147766","Inventory"
"147767","FOSTER MANUFACTURING CO"
"147768","Spiral Binding Co"
"147769","FOSTER MANUFACTURING CO"
"147770","STACK-ON"
"147771","Inventory"
"147772","Spiral Binding Co"
"147773","Inventory"
"147774","Inventory"
"147775","Tennsco"
"147776","Inventory"
"147777","Inventory"
"147778","AKILES PRODUCTS INC"
"147779","Inventory"
"147780","Inventory"
"147781","Inventory"
"147782","Inventory"
"147783","Spiral Binding Co"
"147784","Inventory"
"147785","Spiral Binding Co"
"147786","Inventory"
"147787","Spiral Binding Co"
"147788","Spiral Binding Co"
"147789","Inventory"
"147790","SOUTHWEST PLASTIC BINDING"
"147791","Inventory"
"147792","Inventory"
"147793","Ribao Technology USA Inc."
"147794","Inventory"
"147795","Inventory"
"147796","Inventory"
"147797","Spiral Binding Co"
"147798","Spiral Binding Co"
"147799","MBM CORPORATION"
"147800","DataBind Corp"
"147801","Inventory"
"147802","Spiral Binding Co"
"147803","Inventory"
"147804","Inventory"
"147805","Inventory"
"147806","Adlam Films"
"147807","Inventory"
"147808","Spiral Binding Co"
"147811","Inventory"
"147812","Inventory"
"147813","Inventory"
"147814","Inventory"
"147815","Synnex Corp GBC"
"147816","Inventory"
"147817","Inventory"
"147818","Inventory"
"147819","Inventory"
"147820","Inventory"
"147821","Safe and Vault Store"
"147822","SOUTHWEST PLASTIC BINDING"
"147823","Spiral Binding Co"
"147824","FOSTER MANUFACTURING CO"
"147825","PVC SPIRAL SUPPLY"
"147809","Pro-Bind"
"147810","SOUTHWEST PLASTIC BINDING"
"147828","Inventory"
"147829","Spiral Binding Co"
"147830","ACCO USA"
"147831","Inventory"
"147832","Inventory"
"147833","Synnex Corp GBC"
"147834","Inventory"
"147835","DYNAFOLD USA INC."
"147836","Spiral Binding Co"
"147837","Sentry Safe (Master Lock)"
"147838","DAHLE"
"147839","CARL International"
"147840","Magner"
"147841","Inventory"
"147842","Inventory"
"147843","Inventory"
"147844","Inventory"
"147845","Adlam Films"
"147846","Inventory"
"147847","SOUTHWEST PLASTIC BINDING"
"147848","Inventory"
"147849","Inventory"
"147850","Inventory"
"147851","Inventory"
"147852","Inventory"
"147853","Spiral Binding Co"
"147854","Inventory"
"147855","PostMark"
"147856","PostMark"
"147857","Spiral Binding Co"
"147858","MARTIN-YALE INDUSTRIES INC."
"147859","Spiral Binding Co"
"147860","Klopp International"
"147861","Spiral Binding Co"
"147862","DYNAFOLD USA INC."
"147863","Inventory"
"147864","Inventory"
"147865","Inventory"
"147866","Inventory"
"147867","DAHLE"
"147868","N F String & Son Inc"
"147869","Inventory"
"147870","Inventory"
"147871","STACK-ON"
"147872","Inventory"
"147873","Inventory"
"147874","Inventory"
"147875","Inventory"
"147876","Inventory"
"147877","Spiral Binding Co"
"147878","Inventory"
"147879","SOUTHWEST PLASTIC BINDING"
"147880","Inventory"
"147881","AKILES PRODUCTS INC"
"147882","Spiral Binding Co"
"147883","Inventory"
"147884","DYNAFOLD USA INC."
"147885","AKILES PRODUCTS INC"
"147886","Intimus North America"
"147887","Sentry Safe (Master Lock)"
"147888","Inventory"
"147889","DYNAFOLD USA INC."
"147890","Inventory"
"147891","PostMark"
"147892","Inventory"
"147893","Inventory"
"147894","Inventory"
"147895","Inventory"
"147896","Inventory"
"147897","Adlam Films"
"147898","Inventory"
"147899","Spiral Binding Co"
"147900","The Staplex Company"
"147901","Inventory"
"147902","SOUTHWEST PLASTIC BINDING"
"147903","Stack-On"
"147904","SOUTHWEST PLASTIC BINDING"
"147905","Inventory"
"147906","Spiral Binding Co"
"147907","Inventory"
"147908","Adlam Films"
"147909","Inventory"
"147910","Inventory"
"147911","Inventory"
"147912","Inventory"
"147913","Inventory"
"147914","Inventory"
"147915","The Staplex Company"
"147916","Semacon Business Machines"
"147917","AKILES PRODUCTS INC"
"147918","Inventory"
"147919","Inventory"
"147920","Inventory"
"147921","Inventory"
"147922","Inventory"
"147923","STANDARD DUPLICATING MACHINES"
"147924","Inventory"
"147925","Inventory"
"147926","Spiral Binding Co"
"147927","DYNAFOLD USA INC."
"147928","Inventory"
"147929","Spiral Binding Co"
"147930","Spiral Binding Co"
"147931","Spiral Binding Co"
"147932","Inventory"
"147933","Inventory"
"147934","Inventory"
"147935","Inventory"
"147936","DAHLE"
"147937","Spiral Binding Co"
"147938","Inventory"
"147939","AKILES PRODUCTS INC"
"147940","Inventory"
"147941","Inventory"
"147942","Inventory"
"147943","Inventory"
"147944","DataBind Corp"
"147945","Inventory"
"147946","Inventory"
"147947","Inventory"
"147948","Semacon Business Machines"
"147949","Semacon Business Machines"
"147950","Inventory"
"147951","Spiral Binding Co"
"147952","Inventory"
"147953","Inventory"
"147954","Inventory"
"147955","SOUTHWEST PLASTIC BINDING"
"147957","Inventory"
"147958","FOSTER MANUFACTURING CO"
"147959","Inventory"
"147960","TAMERICA PRODUCTS INC."
"147961","N F String & Son Inc"
"147962","Semacon Business Machines"
"147963","Spiral Binding Co"
"147964","Tennsco"
"147965","Akiles Products Inc"
"147966","Inventory"
"147967","Tennsco"
"147968","Inventory"
"147969","Pro-Bind"
"147970","Inventory"
"147971","Adlam Films"
"147972","Spiral Binding Co"
"147973","Inventory"
"147974","SOUTHWEST PLASTIC BINDING"
"147975","Inventory"
"147976","MARTIN-YALE INDUSTRIES INC."
"147977","MARTIN-YALE INDUSTRIES INC."
"147978","Adlam Films"
"147979","Adlam Films"
"147980","Inventory"
"147981","N F String & Son Inc"
"147982","Inventory"
"147983","MARTIN-YALE INDUSTRIES INC."
"147984","The Staplex Company"
"147985","Inventory"
"147986","Adlam Films"
"147987","Inventory"
"147988","Inventory"
"147989","SOUTHWEST PLASTIC BINDING"
"147990","AKILES PRODUCTS INC"
"147991","AKILES PRODUCTS INC"
"147992","Adlam Films"
"147993","Adlam Films"
"147994","TAMERICA PRODUCTS INC."
"147995","Inventory"
"147998","Inventory"
"147999","Inventory"
"148002","Quality Commercial Machines"
"148003","DAHLE"
"148004","DAHLE"
"148005","Inventory"
"148006","SOUTHWEST PLASTIC BINDING"
"148007","AKILES PRODUCTS INC"
"148008","Inventory"
"148009","Inventory"
"148010","Inventory"
"148011","Adlam Films"
"148012","Inventory"
"148014","Inventory"
"148015","Amazon"
"148016","Amazon"
"148017","SOUTHWEST PLASTIC BINDING"
"148018","SOUTHWEST PLASTIC BINDING"
"148019","TAMERICA PRODUCTS INC."
"148020","Inventory"
"148021","Inventory"
"148022","Inventory"
"148023","CARL International"
"148024","Spiral Binding Co"
"148025","Inventory"
"148026","Inventory"
"148027","SOUTHWEST PLASTIC BINDING"
"148028","Inventory"
"148029","Inventory"
"148030","Inventory"
"148031","Inventory"
"148032","CARL International"
"148033","Inventory"
"148034","AKILES PRODUCTS INC"
"148035","Inventory"
"148036","WILMER"
"148037","Inventory"
"148038","ACCO USA"
"148039","TAMERICA PRODUCTS INC."
"148040","Granite Security Products"
"148041","Inventory"
"148042","PVC SPIRAL SUPPLY"
"148043","LASSCO"
"148044","Spiral Binding Co"
"148045","Inventory"
"148046","Inventory"
"148047","HSM"
"148048","FOSTER MANUFACTURING CO"
"148049","Inventory"
"148050","Inventory"
"148051","Synnex Corp GBC"
"148052","Inventory"
"148053","CARL International"
"148054","Adlam Films"
"148055","AKILES PRODUCTS INC"
"148056","Inventory"
"148057","Spiral Binding Co"
"148058","Inventory"
"148059","Inventory"
"148060","Inventory"
"148061","Adlam Films"
"148062","Inventory"
"148063","The Staplex Company"
"148064","Inventory"
"148065","Inventory"
"148066","Spiral Binding Co"
"148067","Ribao Technology USA Inc."
"148068","Acroprint Time Recorder Co."
"148069","Inventory"
"148070","PostMark"
"148071","Quality Commercial Machines"
"148073","SOUTHWEST PLASTIC BINDING"
"148074","Inventory"
"148075","Inventory"
"148076","TAMERICA PRODUCTS INC."
"148077","Spiral Binding Co"
"148078","Inventory"
"148079","Inventory"
"148080","Inventory"
"148081","Inventory"
"148082","TAMERICA PRODUCTS INC."
"148083","Synnex Corp GBC"
"148084","Inventory"
"148085","Sentry Safe (Master Lock)"
"148086","Spiral Binding Co"
"148087","AKILES PRODUCTS INC"
"148088","Inventory"
"148089","Spiral Binding Co"
"148090","Inventory"
"148091","DAHLE"
"148092","FOSTER MANUFACTURING CO"
"148093","TAMERICA PRODUCTS INC."
"148094","Inventory"
"148095","Inventory"
"148096","Spiral Binding Co"
"148097","Inventory"
"148098","Inventory"
"148099","Spiral Binding Co"
"148100","WILMER"
"148101","Inventory"
"148102","Inventory"
"148103","Inventory"
"148104","Sentry Safe (Master Lock)"
"148105","Inventory"
"148106","Inventory"
"148107","Inventory"
"148108","Inventory"
"148109","Synnex Corp GBC"
"148110","Inventory"
"148111","Adlam Films"
"148112","Inventory"
"148113","MARTIN-YALE INDUSTRIES INC."
"148114","Inventory"
"148115","Inventory"
"148116","Inventory"
"148118","AKILES PRODUCTS INC"
"148119","HSM"
"148120","Inventory"
"148121","Inventory"
"148122","Inventory"
"148123","Pro Pack Inc."
"148124","Inventory"
"148125","Spiral Binding Co"
"148126","Inventory"
"148127","GENERAL BINDING CORP"
"148128","Inventory"
"148129","Inventory"
"148130","Inventory"
"148131","Inventory"
"148132","AKILES PRODUCTS INC"
"148133","WILMER"
"148134","Tennsco"
"148135","Inventory"
"148136","Inventory"
"148137","SOUTHWEST PLASTIC BINDING"
"148138","CARL International"
"148139","Inventory"
"148140","Inventory"
"148141","Spiral Binding Co"
"148142","Synnex Corp GBC"
"148143","SOUTHWEST PLASTIC BINDING"
"148144","Inventory"
"148145","TAMERICA PRODUCTS INC."
"148146","TAMERICA PRODUCTS INC."
"148147","Inventory"
"148148","Inventory"
"148149","Inventory"
"148150","Inventory"
"148151","Inventory"
"148152","TAMERICA PRODUCTS INC."
"148153","Logan Graphic Products"
"148154","TAMERICA PRODUCTS INC."
"148156","Inventory"
"148157","Inventory"
"148158","SOUTHWEST PLASTIC BINDING"
"148159","Spiral Binding Co"
"148160","Spiral Binding Co"
"148161","Inventory"
"148162","Inventory"
"148163","Inventory"
"148164","Inventory"
"148165","Inventory"
"148166","Inventory"
"148167","Spiral Binding Co"
"148168","Inventory"
"148169","Tennsco"
"148170","MARTIN-YALE INDUSTRIES INC."
"148171","Inventory"
"148172","SOUTHWEST PLASTIC BINDING"
"148173","Adlam Films"
"148174","Spiral Binding Co"
"148175","AKILES PRODUCTS INC"
"148176","Inventory"
"148177","Semacon Business Machines"
"148178","Inventory"
"148179","Inventory"
"148180","Inventory"
"148181","Inventory"
"148182","Inventory"
"148183","Inventory"
"148184","AKILES PRODUCTS INC"
"148185","Inventory"
"148186","Inventory"
"148187","Inventory"
"148188","Inventory"
"148190","AKILES PRODUCTS INC"
"148191","Spiral Binding Co"
"148192","Spiral Binding Co"
"148193","Stack-On"
"148194","Inventory"
"148195","Inventory"
"148196","Inventory"
"148197","MARTIN-YALE INDUSTRIES INC."
"148198","Inventory"
"148199","Ribao Technology USA Inc."
"148200","Inventory"
"148201","Tennsco"
"148202","Tennsco"
"148203","TAMERICA PRODUCTS INC."
"148204","CARL International"
"148205","Spiral Binding Co"
"148206","Inventory"
"148207","Inventory"
"148208","AKILES PRODUCTS INC"
"148209","Pro-Bind"
"148210","Adlam Films"
"148211","DAHLE"
"148212","Adlam Films"
"148213","Inventory"
"148214","Inventory"
"148209","Pro-Bind"
"148215","Acroprint Time Recorder Co."
"148216","N F String & Son Inc"
"148217","Inventory"
"148220","Inventory"
"148221","AKILES PRODUCTS INC"
"148222","Inventory"
"148223","AKILES PRODUCTS INC"
"148226","Inventory"
"148227","Inventory"
"148228","TAMERICA PRODUCTS INC."
"148229","LASSCO"
"148230","Inventory"
"148231","Inventory"
"148232","AKILES PRODUCTS INC"
"148233","Inventory"
"148234","Inventory"
"148235","Logan Graphic Products"
"148236","Spiral Binding Co"
"148237","SOUTHWEST PLASTIC BINDING"
"148238","Pyramid Technologies"
"148239","HSM"
"148240","Inventory"
"148241","Inventory"
"148242","Inventory"
"148243","Spiral Binding Co"
"148244","Inventory"
"148245","Inventory"
"148246","Protex Safe Company"
"148247","DataBind Corp"
"148248","Spiral Binding Co"
"148249","TAMERICA PRODUCTS INC."
"148250","Inventory"
"148251","Inventory"
"148252","Spiral Binding Co"
"148253","DataBind Corp"
"148254","Spiral Binding Co"
"148255","Inventory"
"148256","Spiral Binding Co"
"148257","Inventory"
"148258","Safe and Vault Store"
"148259","Synnex Corp GBC"
"148260","Inventory"
"148261","Stack-On"
"148262","Inventory"
"148263","Inventory"
"148264","Inventory"
"148265","Inventory"
"148266","Adlam Films"
"148267","WILMER"
"148268","SOUTHWEST PLASTIC BINDING"
"148269","Inventory"
"148270","Inventory"
"148271","Spiral Binding Co"
"148272","SOUTHWEST PLASTIC BINDING"
"148273","Inventory"
"148274","Spiral Binding Co"
"148275","SOUTHWEST PLASTIC BINDING"
"148276","Inventory"
"148277","DAHLE"
"148278","Sentry Safe (Master Lock)"
"148279","Inventory"
"148280","Inventory"
"148281","CARL International"
"148282","Inventory"
"148283","Inventory"
"148284","Inventory"
"148285","Inventory"
"148286","TRACO MANUFACTURING INC."
"148287","Inventory"
"148288","Inventory"
"148289","Inventory"
"148290","Inventory"
"148291","Inventory"
"148292","Inventory"
"148293","Inventory"
"148294","SOUTHWEST PLASTIC BINDING"
"148295","SOUTHWEST PLASTIC BINDING"
"148296","Adlam Films"
"148297","Inventory"
"148298","TAMERICA PRODUCTS INC."
"148299","Inventory"
"148300","Inventory"
"148301","Inventory"
"148302","Adlam Films"
"148303","Spiral Binding Co"
"148304","Tennsco"
"148305","Amazon"
"148306","CARL International"
"148307","Inventory"
"148308","Inventory"
"148309","Inventory"
"148310","Inventory"
"148311","AKILES PRODUCTS INC"
"148312","Inventory"
"148313","TAMERICA PRODUCTS INC."
"148314","Spiral Binding Co"
"148315","AKILES PRODUCTS INC"
"148316","The Staplex Company"
"148317","Adlam Films"
"148318","MBM CORPORATION"
"148319","Inventory"
"148320","Inventory"
"148321","N F String & Son Inc"
"148322","DataBind Corp"
"148323","STACK-ON"
"148324","MBM CORPORATION"
"148325","Inventory"
"148326","Inventory"
"148327","Synnex Corp GBC"
"148328","Inventory"
"148329","Inventory"
"148330","Inventory"
"148331","Inventory"
"148332","Inventory"
"148333","Inventory"
"148334","Synnex Corp GBC"
"148335","Spiral Binding Co"
"148336","Inventory"
"148337","MARTIN-YALE INDUSTRIES INC."
"148338","Inventory"
"148339","Spiral Binding Co"
"148340","STACK-ON"
"148341","Inventory"
"148342","Inventory"
"148343","AKILES PRODUCTS INC"
"148344","Inventory"
"148345","Adlam Films"
"148346","CARL International"
"148347","Inventory"
"148348","CARL International"
"148349","Inventory"
"148350","SOUTHWEST PLASTIC BINDING"
"148351","PVC SPIRAL SUPPLY"
"148352","Adlam Films"
"148353","Logan Graphic Products"
"148354","Inventory"
"148355","Inventory"
"148356","Inventory"
"148357","Inventory"
"148358","SOUTHWEST PLASTIC BINDING"
"148359","Inventory"
"148360","Quality Commercial Machines"
"148361","Clark Security (AMSEC)"
"148362","The Staplex Company"
"148363","Spiral Binding Co"
"148364","Stack-On"
"148365","Spiral Binding Co"
"148366","SOUTHWEST PLASTIC BINDING"
"148367","Inventory"
"148368","Inventory"
"148369","MBM CORPORATION"
"148370","FOSTER MANUFACTURING CO"
"148371","DYNAFOLD USA INC."
"148372","Spiral Binding Co"
"148373","Inventory"
"148374","Spiral Binding Co"
"148375","Klopp International"
"148376","SOUTHWEST PLASTIC BINDING"
"148377","The Staplex Company"
"148378","Inventory"
"148379","TAMERICA PRODUCTS INC."
"148380","Spiral Binding Co"
"148381","Tennsco"
"148382","Inventory"
"148383","TRACO MANUFACTURING INC."
"148384","Spiral Binding Co"
"148385","TAMERICA PRODUCTS INC."
"148386","Inventory"
"148387","Stack-On"
"148388","Inventory"
"148389","The Staplex Company"
"148390","DataBind Corp"
"148391","Inventory"
"148392","Inventory"
"148393","Inventory"
"148394","Inventory"
"148395","Inventory"
"148396","TAMERICA PRODUCTS INC."
"148397","Spiral Binding Co"
"148398","Inventory"
"148399","Inventory"
"148400","Spiral Binding Co"
"148402","Inventory"
"148403","SOUTHWEST PLASTIC BINDING"
"148404","Inventory"
"148405","Inventory"
"148406","Inventory"
"148407","Synnex Corp GBC"
"148408","Inventory"
"148409","Inventory"
"148410","Inventory"
"148411","Inventory"
"148412","Inventory"
"148413","Inventory"
"148414","Spiral Binding Co"
"148415","Spiral Binding Co"
"148416","Inventory"
"148417","Spiral Binding Co"
"148418","Adlam Films"
"148419","Inventory"
"148420","Inventory"
"148421","Spiral Binding Co"
"148422","Tennsco"
"148423","Inventory"
"148424","Inventory"
"148425","Inventory"
"148426","Inventory"
"148427","TAMERICA PRODUCTS INC."
"148428","Inventory"
"148429","Inventory"
"148430","Spiral Binding Co"
"148431","Inventory"
"148433","PVC SPIRAL SUPPLY"
"148434","Spiral Binding Co"
"148435","DataBind Corp"
"148436","Inventory"
"148437","Inventory"
"148438","MBM CORPORATION"
"148439","Tennsco"
"148440","Inventory"
"148441","DYNAFOLD USA INC."
"148442","Tennsco"
"148443","Spiral Binding Co"
"148444","Adlam Films"
"148445","Semacon Business Machines"
"148446","Spiral Binding Co"
"148447","Semacon Business Machines"
"148448","Inventory"
"148449","Inventory"
"148450","Spiral Binding Co"
"148451","Spiral Binding Co"
"148452","Inventory"
"148453","Inventory"
"148454","Inventory"
"148455","Inventory"
"148456","TAMERICA PRODUCTS INC."
"148457","Spiral Binding Co"
"148458","Spiral Binding Co"
"148459","Spiral Binding Co"
"148460","Inventory"
"148461","Inventory"
"148462","Synnex Corp GBC"
"148464","Inventory"
"148465","Spiral Binding Co"
"148466","Inventory"
"148467","Inventory"
"148468","ACCO USA"
"148469","Inventory"
"148470","Synnex Corp GBC"
"148471","Inventory"
"148473","Inventory"
"148474","Inventory"
"148476","Inventory"
"148477","MMF Industries"
"148479","Inventory"
"148481","Tennsco"
"148482","Tennsco"
"148483","TAMERICA PRODUCTS INC."
"148484","DYNAFOLD USA INC."
"148485","DAHLE"
"148486","Inventory"
"148487","Inventory"
"148488","ACCO USA"
"148489","Inventory"
"148490","SOUTHWEST PLASTIC BINDING"
"148491","AKILES PRODUCTS INC"
"148492","Inventory"
"148493","Amazon"
"148494","Amazon"
"148495","Inventory"
"148496","Inventory"
"148497","Inventory"
"148499","Spiral Binding Co"
"148500","MARTIN-YALE INDUSTRIES INC."
"148501","Synnex Corp GBC"
"148502","Adlam Films"
"148503","Spiral Binding Co"
"148504","Inventory"
"148505","Spiral Binding Co"
"148506","Inventory"
"148507","Inventory"
"148508","DYNAFOLD USA INC."
"148509","Granite Security Products"
"148510","MBM CORPORATION"
"148511","Inventory"
"148512","Inventory"
"148513","Inventory"
"148514","AKILES PRODUCTS INC"
"148515","Inventory"
"148516","Inventory"
"148517","Spiral Binding Co"
"148518","Inventory"
"148519","Inventory"
"148520","Inventory"
"148521","Inventory"
"148522","Spiral Binding Co"
"148523","Inventory"
"148524","Adlam Films"
"148525","BankSupplies Inc."
"148526","LASSCO"
"148527","DAHLE"
"148528","Inventory"
"148529","BankSupplies Inc."
"148530","PVC SPIRAL SUPPLY"
"148531","Inventory"
"148532","Inventory"
"148533","TAMERICA PRODUCTS INC."
"148534","Inventory"
"148535","Inventory"
"148536","Thermobind.com"
"148537","Synnex Corp GBC"
"148538","Inventory"
"148539","Inventory"
"148540","Inventory"
"148541","Inventory"
"148542","TAMERICA PRODUCTS INC."
"148543","AKILES PRODUCTS INC"
"148544","Inventory"
"148545","TAMERICA PRODUCTS INC."
"148546","ACCO USA"
"148547","Inventory"
"148548","Inventory"
"148549","Spiral Binding Co"
"148550","Inventory"
"148551","FOSTER MANUFACTURING CO"
"148552","Spiral Binding Co"
"148553","Inventory"
"148554","Spiral Binding Co"
"148555","Spiral Binding Co"
"148556","Semacon Business Machines"
"148557","Stack-On"
"148558","Inventory"
"148559","TAMERICA PRODUCTS INC."
"148560","Inventory"
"148561","Inventory"
"148562","Inventory"
"148563","ACCO USA"
"148564","Inventory"
"148565","Adlam Films"
"148566","Inventory"
"148568","Inventory"
"148569","AKILES PRODUCTS INC"
"148570","Synnex Corp GBC"
"148571","Inventory"
"148572","Logan Graphic Products"
"148573","DYNAFOLD USA INC."
"148574","Inventory"
"148575","Inventory"
"148576","Spiral Binding Co"
"148577","The Staplex Company"
"148578","Inventory"
"148579","Spiral Binding Co"
"148580","Inventory"
"148581","Inventory"
"148582","TAMERICA PRODUCTS INC."
"148583","Inventory"
"148584","Adlam Films"
"148585","Inventory"
"148586","Inventory"
"148587","Inventory"
"148588","Inventory"
"148589","Cassida Corporation"
"148590","Inventory"
"148591","Spiral Binding Co"
"148592","Inventory"
"148593","Inventory"
"148594","Inventory"
"148596","SOUTHWEST PLASTIC BINDING"
"148597","Inventory"
"148598","TRACO MANUFACTURING INC."
"148599","The Staplex Company"
"148600","The Staplex Company"
"148601","Inventory"
"148602","Inventory"
"148603","Inventory"
"148604","Tennsco"
"148605","Inventory"
"148606","PVC SPIRAL SUPPLY"
"148607","The Staplex Company"
"148608","Inventory"
"148609","Spiral Binding Co"
"148610","Spiral Binding Co"
"148611","Synnex Corp GBC"
"148612","Inventory"
"148613","Carnation Inc."
"148614","Cassida Corporation"
"148615","Carnation Inc."
"148616","Cassida Corporation"
"148617","AKILES PRODUCTS INC"
"148618","Clark Security (AMSEC)"
"148619","TAMERICA PRODUCTS INC."
"148620","AKILES PRODUCTS INC"
"148621","Spiral Binding Co"
"148622","Adlam Films"
"148623","DYNAFOLD USA INC."
"148625","Spiral Binding Co"
"148626","Inventory"
"148627","Inventory"
"148628","Inventory"
"148629","Spiral Binding Co"
"148630","LASSCO"
"148631","Safe and Vault Store"
"148632","Inventory"
"148633","Inventory"
"148634","Inventory"
"148635","Inventory"
"148636","Tennsco"
"148637","DYNAFOLD USA INC."
"148638","TAMERICA PRODUCTS INC."
"148639","Inventory"
"148640","Inventory"
"148641","Inventory"
"148642","Inventory"
"148643","Inventory"
"148644","Inventory"
"148645","Inventory"
"148646","Klopp International"
"148647","TAMERICA PRODUCTS INC."
"148648","Inventory"
"148649","Inventory"
"148650","Inventory"
"148652","Spiral Binding Co"
"148654","Inventory"
"148655","Adlam Films"
"148656","Spiral Binding Co"
"148657","Inventory"
"148658","Inventory"
"148659","Inventory"
"148660","Pro-Bind"
"148661","Inventory"
"148662","Inventory"
"148663","Adlam Films"
"148664","Inventory"
"148665","Inventory"
"148666","Inventory"
"148667","Inventory"
"148668","Inventory"
"148669","Synnex Corp GBC"
"148670","Inventory"
"148671","Inventory"
"148672","Inventory"
"148674","Inventory"
"148675","Spiral Binding Co"
"148676","Inventory"
"148677","Inventory"
"148678","Spiral Binding Co"
"148679","Inventory"
"148680","GENERAL BINDING CORP"
"148681","AKILES PRODUCTS INC"
"148682","Inventory"
"148683","DAHLE"
"148684","LASSCO"
"148685","Inventory"
"148686","Inventory"
"148687","Inventory"
"148688","DYNAFOLD USA INC."
"148689","STANDARD DUPLICATING MACHINES"
"148690","Inventory"
"148691","Spiral Binding Co"
"148692","Pro-Bind"
"148693","Adlam Films"
"148694","Spiral Binding Co"
"148695","Adlam Films"
"148696","AKILES PRODUCTS INC"
"148697","Inventory"
"148698","Spiral Binding Co"
"148699","Inventory"
"148700","Semacon Business Machines"
"148701","Inventory"
"148702","Inventory"
"148703","Inventory"
"148704","Inventory"
"148705","Inventory"
"148706","Inventory"
"148707","Inventory"
"148708","Inventory"
"148709","Inventory"
"148710","FORMAX"
"148711","Inventory"
"148712","Inventory"
"148713","Spiral Binding Co"
"148714","Inventory"
"148715","Spiral Binding Co"
"148716","Spiral Binding Co"
"148717","Inventory"
"148718","Spiral Binding Co"
"148720","Inventory"
"148721","Spiral Binding Co"
"148723","Inventory"
"148724","Inventory"
"148725","Inventory"
"148726","Adlam Films"
"148727","DAHLE"
"148728","DAHLE"
"148729","DAHLE"
"148730","DAHLE"
"148732","Spiral Binding Co"
"148733","Inventory"
"148734","Inventory"
"148735","Inventory"
"148736","Inventory"
"148737","Synnex Corp GBC"
"148738","Inventory"
"148739","Inventory"
"148740","Inventory"
"148741","Inventory"
"148742","Inventory"
"148743","Inventory"
"148744","DAHLE"
"148745","DAHLE"
"148746","Synnex Corp GBC"
"148747","DAHLE"
"148748","Inventory"
"148749","DYNAFOLD USA INC."
"148750","Stack-On"
"148751","Inventory"
"148752","Inventory"
"148753","Inventory"
"148754","Inventory"
"148755","Inventory"
"148757","Inventory"
"148758","Inventory"
"148759","Spiral Binding Co"
"148760","Inventory"
"148761","AKILES PRODUCTS INC"
"148762","Inventory"
"148763","Spiral Binding Co"
"148764","Inventory"
"148765","Inventory"
"148766","Adlam Films"
"148767","Stack-On"
"148768","Inventory"
"148769","MARQUIS BUSINESS SYSTEMS INC"
"148770","Adlam Films"
"148771","Spiral Binding Co"
"148772","Inventory"
"148773","Inventory"
"148774","Inventory"
"148775","Transcendia (Transilwrap)"
"148776","Inventory"
"148777","GENERAL BINDING CORP"
"148778","Inventory"
"148779","Semacon Business Machines"
"148780","LASSCO"
"148781","Adlam Films"
"148782","Inventory"
"148783","Spiral Binding Co"
"148784","Inventory"
"148785","Inventory"
"148786","FOSTER MANUFACTURING CO"
"148787","Inventory"
"148788","Inventory"
"148789","Inventory"
"148790","Magner"
"148791","Inventory"
"148792","TAMERICA PRODUCTS INC."
"148793","Inventory"
"148795","Inventory"
"148796","Inventory"
"148797","Inventory"
"148798","Spiral Binding Co"
"148799","Inventory"
"148800","DAHLE"
"148801","Inventory"
"148802","Inventory"
"148803","Inventory"
"148804","Transcendia (Transilwrap)"
"148805","Inventory"
"148806","Inventory"
"148807","Inventory"
"148808","Inventory"
"148809","Amazon"
"148810","SOUTHWEST PLASTIC BINDING"
"148811","TRACO MANUFACTURING INC."
"148812","Inventory"
"148813","Inventory"
"148814","Inventory"
"148815","Inventory"
"148816","Inventory"
"148817","Inventory"
"148818","Inventory"
"148819","Inventory"
"148820","Adlam Films"
"148821","Spiral Binding Co"
"148822","Inventory"
"148824","CARL International"
"148825","Inventory"
"148826","Inventory"
"148827","Inventory"
"148828","BankSupplies Inc."
"148829","Semacon Business Machines"
"148830","Sam's Club"
"148831","Sam's Club"
"148832","TRACO MANUFACTURING INC."
"148833","Inventory"
"148834","Inventory"
"148836","Adlam Films"
"148837","TRACO MANUFACTURING INC."
"148838","Inventory"
"148839","Spiral Binding Co"
"148840","SOUTHWEST PLASTIC BINDING"
"148841","Inventory"
"148842","Inventory"
"148843","Adlam Films"
"148844","SOUTHWEST PLASTIC BINDING"
"148845","Spiral Binding Co"
"148846","Spiral Binding Co"
"148847","Spiral Binding Co"
"148848","Inventory"
"148849","Spiral Binding Co"
"148850","Inventory"
"148851","Adlam Films"
"148852","Inventory"
"148853","Ultimate Image Printing"
"148854","Inventory"
"148855","Spiral Binding Co"
"148856","Inventory"
"148857","Inventory"
"148858","DAHLE"
"148859","Inventory"
"148860","Semacon Business Machines"
"148861","Inventory"
"148862","Inventory"
"148863","Inventory"
"148864","Synnex Corp GBC"
"148865","SOUTHWEST PLASTIC BINDING"
"148866","Synnex Corp GBC"
"148867","TAMERICA PRODUCTS INC."
"148868","Spiral Binding Co"
"148869","Inventory"
"148870","Spiral Binding Co"
"148872","Inventory"
"148873","Inventory"
"148874","Inventory"
"148875","Inventory"
"148876","Inventory"
"148877","LASSCO"
"148878","Inventory"
"148879","Spiral Binding Co"
"148880","Inventory"
"148881","Inventory"
"148882","Adlam Films"
"148883","Inventory"
"148884","Inventory"
"148885","Inventory"
"148886","MBM CORPORATION"
"148887","TRACO MANUFACTURING INC."
"148888","DAHLE"
"148889","Inventory"
"148890","Inventory"
"148891","MARTIN-YALE INDUSTRIES INC."
"148892","Inventory"
"148893","Inventory"
"148894","Spiral Binding Co"
"148895","Adlam Films"
"148896","Inventory"
"148897","Inventory"
"148898","Inventory"
"148899","AKILES PRODUCTS INC"
"148900","MBM CORPORATION"
"148901","Inventory"
"148902","Adlam Films"
"148903","DAHLE"
"148904","Inventory"
"148905","Inventory"
"148906","Inventory"
"148907","Inventory"
"148908","Inventory"
"148909","SOUTHWEST PLASTIC BINDING"
"148910","Inventory"
"148911","Inventory"
"148912","Inventory"
"148913","Inventory"
"148914","Inventory"
"148915","Inventory"
"148916","TRACO MANUFACTURING INC."
"148917","DataBind Corp"
"148918","Inventory"
"148919","Spiral Binding Co"
"148920","DYNAFOLD USA INC."
"148921","Inventory"
"148922","Inventory"
"148923","Inventory"
"148924","Adlam Films"
"148925","Inventory"
"148926","Tennsco"
"148928","Inventory"
"148929","TRACO MANUFACTURING INC."
"148930","Spiral Binding Co"
"148931","DAHLE"
"148932","Inventory"
"148933","Inventory"
"148934","Inventory"
"148935","MBM CORPORATION"
"148936","Synnex Corp GBC"
"148937","Inventory"
"148938","Inventory"
"148939","Inventory"
"148940","Inventory"
"148941","Inventory"
"148942","Inventory"
"148943","Spiral Binding Co"
"148944","Inventory"
"148945","LASSCO"
"148946","Inventory"
"148947","Inventory"
"148948","Inventory"
"148949","Inventory"
"148950","Inventory"
"148951","Inventory"
"148952","TAMERICA PRODUCTS INC."
"148953","Inventory"
"148954","Spiral Binding Co"
"148955","Stack-On"
"148956","Spiral Binding Co"
"148957","Inventory"
"148958","AKILES PRODUCTS INC"
"148959","Adlam Films"
"148960","BankSupplies Inc."
"148961","Semacon Business Machines"
"148962","Inventory"
"148963","Inventory"
"148964","Inventory"
"148965","AKILES PRODUCTS INC"
"148966","Synnex Corp GBC"
"148967","Inventory"
"148968","Inventory"
"148969","Inventory"
"148970","Spiral Binding Co"
"148971","Inventory"
"148972","Adlam Films"
"148973","Inventory"
"148974","Inventory"
"148975","Spiral Binding Co"
"148976","DYNAFOLD USA INC."
"148977","Stack-On"
"148978","Pro Pack Inc."
"148979","DAHLE"
"148980","Spiral Binding Co"
"148981","Inventory"
"148982","DYNAFOLD USA INC."
"148983","Inventory"
"148984","Inventory"
"148985","Inventory"
"148986","Spiral Binding Co"
"148987","Inventory"
"148988","GENERAL BINDING CORP"
"148989","Pro-Bind"
"148990","Spiral Binding Co"
"148991","Inventory"
"148992","Inventory"
"148994","SOUTHWEST PLASTIC BINDING"
"148995","Inventory"
"148996","Spiral Binding Co"
"148997","CARL International"
"148998","Inventory"
"148999","GENERAL BINDING CORP"
"149000","Inventory"
"149001","AKILES PRODUCTS INC"
"149002","Inventory"
"149003","Spiral Binding Co"
"149004","Amazon"
"149005","Inventory"
"149006","Inventory"
"149007","Inventory"
"149009","Inventory"
"149010","Inventory"
"149011","Spiral Binding Co"
"149012","Inventory"
"149013","Semacon Business Machines"
"149014","Spiral Binding Co"
"149015","Inventory"
"149016","Inventory"
"149017","Inventory"
"149018","Inventory"
"149019","BankSupplies Inc."
"149020","AKILES PRODUCTS INC"
"149021","Inventory"
"149023","Inventory"
"149024","Inventory"
"149025","Spiral Binding Co"
"149026","STANDARD DUPLICATING MACHINES"
"149027","Inventory"
"149028","Adlam Films"
"149029","Inventory"
"149030","Spiral Binding Co"
"149031","Semacon Business Machines"
"149032","The Staplex Company"
"149033","DAHLE"
"149034","Spiral Binding Co"
"149035","Inventory"
"149036","Inventory"
"149037","Inventory"
"149038","Spiral Binding Co"
"149039","Inventory"
"149040","Tennsco"
"149041","Inventory"
"149042","The Staplex Company"
"149043","Synnex Corp GBC"
"149044","Inventory"
"149045","Spiral Binding Co"
"149046","Inventory"
"149047","Inventory"
"149048","Quality Commercial Machines"
"149049","Synnex Corp GBC"
"149050","The Staplex Company"
"149051","Inventory"
"149052","Inventory"
"149053","Inventory"
"149054","Spiral Binding Co"
"149055","Inventory"
"149056","MBM CORPORATION"
"149057","Tennsco"
"149058","SOUTHWEST PLASTIC BINDING"
"149059","Inventory"
"149060","ACCO USA"
"149061","Inventory"
"149062","Inventory"
"149063","Spiral Binding Co"
"149064","Granite Security Products"
"149065","Inventory"
"149066","Inventory"
"149067","Inventory"
"149068","CARL International"
"149069","Inventory"
"149070","Inventory"
"149071","Inventory"
"149072","Inventory"
"149073","Inventory"
"149074","Inventory"
"149075","Inventory"
"149076","DAHLE"
"149077","Inventory"
"149078","Inventory"
"149079","Inventory"
"149080","Inventory"
"149081","Semacon Business Machines"
"149082","Inventory"
"149084","Synnex Corp GBC"
"149085","Inventory"
"149083","Spiral Binding Co"
"149087","AKILES PRODUCTS INC"
"149088","Inventory"
"149089","Spiral Binding Co"
"149090","Inventory"
"149091","Inventory"
"149092","Inventory"
"149093","Inventory"
"149094","MBM CORPORATION"
"149095","MARTIN-YALE INDUSTRIES INC."
"149096","Synnex Corp GBC"
"149097","BankSupplies Inc."
"149098","The Staplex Company"
"149099","Inventory"
"149100","Inventory"
"149101","Inventory"
"149102","AKILES PRODUCTS INC"
"149103","Inventory"
"149104","Inventory"
"149105","Spiral Binding Co"
"149106","MBM CORPORATION"
"149107","Inventory"
"149108","TAMERICA PRODUCTS INC."
"149109","Officesupersavers.com"
"149110","Officesupersavers.com"
"149111","Inventory"
"149112","Inventory"
"149113","Inventory"
"149114","Inventory"
"149115","Adlam Films"
"149116","Inventory"
"149117","Semacon Business Machines"
"149118","Inventory"
"149119","Inventory"
"149120","Adlam Films"
"149121","Spiral Binding Co"
"149122","Inventory"
"149123","Inventory"
"149124","Inventory"
"149125","Inventory"
"149126","Inventory"
"149127","DataBind Corp"
"149128","Inventory"
"149129","Spiral Binding Co"
"149130","Inventory"
"149131","Inventory"
"149132","Spiral Binding Co"
"149133","Spiral Binding Co"
"149134","Inventory"
"149135","Synnex Corp GBC"
"149136","Inventory"
"149137","Inventory"
"149138","Inventory"
"149139","Inventory"
"149140","Spiral Binding Co"
"149141","Inventory"
"149142","Inventory"
"149143","Spiral Binding Co"
"149144","Spiral Binding Co"
"149145","Inventory"
"149146","CARL International"
"149147","ACCO USA"
"149148","Inventory"
"149149","Inventory"
"149150","WILMER"
"149151","Inventory"
"149152","Spiral Binding Co"
"149153","Spiral Binding Co"
"149154","Inventory"
"149155","Inventory"
"149156","TAMERICA PRODUCTS INC."
"149157","Inventory"
"149158","Spiral Binding Co"
"149159","Spiral Binding Co"
"149160","Vestil Manufacturing Company"
"149161","Vestil Manufacturing Company"
"149162","Inventory"
"149163","Inventory"
"149164","TAMERICA PRODUCTS INC."
"149165","Inventory"
"149166","Inventory"
"149168","SOUTHWEST PLASTIC BINDING"
"149169","Inventory"
"149170","KAPCO GRAPHIC PRODUCTS CO"
"149171","LASSCO"
"149172","Spiral Binding Co"
"149173","ACCO USA"
"149174","Spiral Binding Co"
"149175","Inventory"
"149167","Spiral Binding Co"
"149176","MBM CORPORATION"
"149177","Sealer Sales"
"149179","Inventory"
"149180","Synnex Corp GBC"
"149181","MBM CORPORATION"
"149182","Adlam Films"
"149183","Spiral Binding Co"
"149184","Inventory"
"149185","Inventory"
"149186","Inventory"
"149187","Inventory"
"149188","Quality Commercial Machines"
"149189","Inventory"
"149190","Inventory"
"149191","Spiral Binding Co"
"149193","Inventory"
"149194","Inventory"
"149195","The Staplex Company"
"149196","Spiral Binding Co"
"149197","CARL International"
"149198","Inventory"
"149199","Whitaker Brothers"
"149200","SOUTHWEST PLASTIC BINDING"
"149201","TAMERICA PRODUCTS INC."
"149202","Inventory"
"149203","Spiral Binding Co"
"149204","Spiral Binding Co"
"149205","Inventory"
"149206","Inventory"
"149207","TAMERICA PRODUCTS INC."
"149208","Inventory"
"149209","Inventory"
"149210","Spiral Binding Co"
"149211","Inventory"
"149212","Inventory"
"149213","Inventory"
"149214","Inventory"
"149215","Inventory"
"149216","Inventory"
"149217","Inventory"
"149218","Inventory"
"149219","Inventory"
"149220","Inventory"
"149221","Inventory"
"149222","Spiral Binding Co"
"149223","Inventory"
"149225","Inventory"
"149226","Spiral Binding Co"
"149227","MARQUIS BUSINESS SYSTEMS INC"
"149228","SOUTHWEST PLASTIC BINDING"
"149230","Inventory"
"149231","PVC SPIRAL SUPPLY"
"149232","Inventory"
"149233","Inventory"
"149234","Inventory"
"149235","Inventory"
"149236","Inventory"
"149237","Inventory"
"149238","Inventory"
"149239","Spiral Binding Co"
"149240","DataBind Corp"
"149241","Inventory"
"149242","Spiral Binding Co"
"149243","Inventory"
"149244","Inventory"
"149245","AKILES PRODUCTS INC"
"149246","Inventory"
"149247","Inventory"
"149248","Synnex Corp GBC"
"149249","Tennsco"
"149250","Spiral Binding Co"
"149251","DYNAFOLD USA INC."
"149252","Inventory"
"149253","Inventory"
"149254","Spiral Binding Co"
"149255","Protex Safe Company"
"149256","Protex Safe Company"
"149257","Spiral Binding Co"
"149258","Inventory"
"149259","TAMERICA PRODUCTS INC."
"149260","Inventory"
"149262","SOUTHWEST PLASTIC BINDING"
"149263","Spiral Binding Co"
"149264","Inventory"
"149265","DYNAFOLD USA INC."
"149266","Inventory"
"149267","Inventory"
"149268","Inventory"
"149269","Adlam Films"
"149270","Inventory"
"149271","Inventory"
"149272","Inventory"
"149273","Adlam Films"
"149274","Semacon Business Machines"
"149275","Spiral Binding Co"
"149276","Inventory"
"149277","Inventory"
"149278","TAMERICA PRODUCTS INC."
"149279","Inventory"
"149280","Inventory"
"149281","BankSupplies Inc."
"149282","Semacon Business Machines"
"149283","Spiral Binding Co"
"149284","Spiral Binding Co"
"149285","Spiral Binding Co"
"149286","Inventory"
"149287","Logan Graphic Products"
"149288","Pro-Bind"
"149289","Inventory"
"149290","Inventory"
"149291","Adlam Films"
"149292","Inventory"
"149293","Inventory"
"149294","Ribao Technology USA Inc."
"149295","Inventory"
"149296","Spiral Binding Co"
"149297","Logan Graphic Products"
"149298",\N
"149299","Inventory"
"149300","Spiral Binding Co"
"149301","Inventory"
"149302","Inventory"
"149303","Inventory"
"149304","Inventory"
"149305","Inventory"
"149306","Spiral Binding Co"
"149307","Inventory"
"149308","Inventory"
"149309","LASSCO"
"149310","Spiral Binding Co"
"149311","Inventory"
"149312","Adlam Films"
"149313","Inventory"
"149314","Inventory"
"149315","Semacon Business Machines"
"149316","Inventory"
"149317","Inventory"
"149318","Inventory"
"149319","Inventory"
"149320","Inventory"
"149321","TAMERICA PRODUCTS INC."
"149322","Inventory"
"149323","Inventory"
"149324","Spiral Binding Co"
"149325","Inventory"
"149326","The Staplex Company"
"149331","TAMERICA PRODUCTS INC."
"149326","Inventory"
"149327","Pro-Bind"
"149334","Inventory"
"149335","Inventory"
"149336","Spiral Binding Co"
"149337","Inventory"
"149338","Spiral Binding Co"
"149339","Inventory"
"149340","Inventory"
"149341","Inventory"
"149342","Inventory"
"149343","Spiral Binding Co"
"149344","Spiral Binding Co"
"149345","Inventory"
"149346","Inventory"
"149347","TAMERICA PRODUCTS INC."
"149348","MARTIN-YALE INDUSTRIES INC."
"149349","Inventory"
"149350","Pro-Bind"
"149351","MARTIN-YALE INDUSTRIES INC."
"149352","Inventory"
"149353","Inventory"
"149354","Inventory"
"149355","Inventory"
"149356","Inventory"
"149357","Inventory"
"149358","FOSTER MANUFACTURING CO"
"149359","Tennsco"
"149360","Inventory"
"149361","Spiral Binding Co"
"149362","Spiral Binding Co"
"149363","Inventory"
"149364","Inventory"
"149365","Spiral Binding Co"
"149366","Spiral Binding Co"
"149367","The Staplex Company"
"149368","Inventory"
"149369","Spiral Binding Co"
"149370","Inventory"
"149371","Inventory"
"149372","Inventory"
"149373","Protex Safe Company"
"149374","Spiral Binding Co"
"149375","Adlam Films"
"149376","Inventory"
"149377","Stack-On"
"149378","MARTIN-YALE INDUSTRIES INC."
"149379","Pro-Bind"
"149380","Inventory"
"149381","Inventory"
"149382","TAMERICA PRODUCTS INC."
"149383","SOUTHWEST PLASTIC BINDING"
"149384","Inventory"
"149385","Inventory"
"149386","Inventory"
"149387","Inventory"
"149388","AKILES PRODUCTS INC"
"149389","Inventory"
"149390","Klopp International"
"149391","PVC SPIRAL SUPPLY"
"149392","Inventory"
"149393","Inventory"
"149394","Safe and Vault Store"
"149395","BankSupplies Inc."
"149396","Inventory"
"149397","Inventory"
"149398","Inventory"
"149399","Spiral Binding Co"
"149400","Spiral Binding Co"
"149401","Inventory"
"149402","Inventory"
"149403","Inventory"
"149404","Inventory"
"149405","Inventory"
"149406","Tennsco"
"149407","Inventory"
"149408","Inventory"
"149409","Inventory"
"149410","DAHLE"
"149411","Semacon Business Machines"
"149412","LASSCO"
"149413","Adlam Films"
"149414","Inventory"
"149415","Inventory"
"149416","Synnex Corp GBC"
"149417","Inventory"
"149418","Inventory"
"149419","Inventory"
"149420","AKILES PRODUCTS INC"
"149421","Inventory"
"149422","Inventory"
"149423","HSM"
"149424","DYNAFOLD USA INC."
"149425","Inventory"
"149426","Inventory"
"149427","Inventory"
"149428","Inventory"
"149429","Spiral Binding Co"
"149430","DAHLE"
"149431","Spiral Binding Co"
"149433","Inventory"
"149434","Spiral Binding Co"
"149435","Spiral Binding Co"
"149436","TAMERICA PRODUCTS INC."
"149437","www.zerbee.com"
"149438","Inventory"
"149439","Inventory"
"149440","Spiral Binding Co"
"149441","Inventory"
"149442","Inventory"
"149443","Inventory"
"149444","Inventory"
"149445","Spiral Binding Co"
"149446","Sealer Sales"
"149447","Thermobind.com"
"149448","Spiral Binding Co"
"149449","Inventory"
"149450","MBM CORPORATION"
"149451","AKILES PRODUCTS INC"
"149457","Inventory"
"149458","Inventory"
"149459","AKILES PRODUCTS INC"
"149460","SOUTHWEST PLASTIC BINDING"
"149461","Inventory"
"149462","Adlam Films"
"149463","Inventory"
"149464","Inventory"
"149465","Inventory"
"149466","Adlam Films"
"149467","Spiral Binding Co"
"149468","Inventory"
"149469","TAMERICA PRODUCTS INC."
"149470","Adlam Films"
"149471","TRACO MANUFACTURING INC."
"149472","Adlam Films"
"149473","MBM CORPORATION"
"149474","Sealer Sales"
"149475","Inventory"
"149476","Inventory"
"149477","Inventory"
"149478","Sealer Sales"
"149479","Granite Security Products"
"149480","Stack-On"
"149481","Synnex Corp GBC"
"149482","Inventory"
"149483","The Staplex Company"
"149484","Spiral Binding Co"
"149485","FOSTER MANUFACTURING CO"
"149486","Inventory"
"149489","Inventory"
"149490","Inventory"
"149491","Inventory"
"149492","Spiral Binding Co"
"149493","Adlam Films"
"149494","STANDARD DUPLICATING MACHINES"
"149495","Inventory"
"149496","Inventory"
"149497","The Staplex Company"
"149498","Inventory"
"149499","Spiral Binding Co"
"149500","CARL International"
"149501","DataBind Corp"
"149502","Tennsco"
